facility_id,facility_name,state,dashboard_measure_group,favorable_percent,survey_weight,included_rows,excluded_rows
10021F,96th Medical Group (Eglin AFB),FL,Discharge Information,90.00,819,3,0
10021F,96th Medical Group (Eglin AFB),FL,Nurse Communication,82.50,1092,4,0
10021F,96th Medical Group (Eglin AFB),FL,Doctor Communication,81.75,1092,4,0
10021F,96th Medical Group (Eglin AFB),FL,Recommendation,80.00,273,1,0
10021F,96th Medical Group (Eglin AFB),FL,Overall Rating,78.00,273,1,0
10021F,96th Medical Group (Eglin AFB),FL,Medicine Communication,66.33,819,3,0
100211,ADVENTHEALTH DADE CITY,FL,Discharge Information,88.33,1740,3,0
100211,ADVENTHEALTH DADE CITY,FL,Nurse Communication,83.75,2320,4,0
100211,ADVENTHEALTH DADE CITY,FL,Doctor Communication,79.00,2320,4,0
100211,ADVENTHEALTH DADE CITY,FL,Recommendation,77.00,580,1,0
100211,ADVENTHEALTH DADE CITY,FL,Overall Rating,77.00,580,1,0
100211,ADVENTHEALTH DADE CITY,FL,Medicine Communication,65.67,1740,3,0
100068,ADVENTHEALTH DAYTONA BEACH,FL,Discharge Information,86.00,8058,3,0
100068,ADVENTHEALTH DAYTONA BEACH,FL,Nurse Communication,78.25,10744,4,0
100068,ADVENTHEALTH DAYTONA BEACH,FL,Doctor Communication,74.25,10744,4,0
100068,ADVENTHEALTH DAYTONA BEACH,FL,Recommendation,75.00,2686,1,0
100068,ADVENTHEALTH DAYTONA BEACH,FL,Overall Rating,73.00,2686,1,0
100068,ADVENTHEALTH DAYTONA BEACH,FL,Medicine Communication,59.67,8058,3,0
100045,ADVENTHEALTH DELAND,FL,Discharge Information,89.00,4359,3,0
100045,ADVENTHEALTH DELAND,FL,Nurse Communication,79.25,5812,4,0
100045,ADVENTHEALTH DELAND,FL,Doctor Communication,76.25,5812,4,0
100045,ADVENTHEALTH DELAND,FL,Recommendation,68.00,1453,1,0
100045,ADVENTHEALTH DELAND,FL,Overall Rating,71.00,1453,1,0
100045,ADVENTHEALTH DELAND,FL,Medicine Communication,65.00,4359,3,0
100072,ADVENTHEALTH FISH MEMORIAL,FL,Discharge Information,89.33,5310,3,0
100072,ADVENTHEALTH FISH MEMORIAL,FL,Nurse Communication,83.75,7080,4,0
100072,ADVENTHEALTH FISH MEMORIAL,FL,Doctor Communication,76.75,7080,4,0
100072,ADVENTHEALTH FISH MEMORIAL,FL,Recommendation,74.00,1770,1,0
100072,ADVENTHEALTH FISH MEMORIAL,FL,Overall Rating,74.00,1770,1,0
100072,ADVENTHEALTH FISH MEMORIAL,FL,Medicine Communication,67.00,5310,3,0
100137,ADVENTHEALTH HEART OF FLORIDA,FL,Discharge Information,85.00,4170,3,0
100137,ADVENTHEALTH HEART OF FLORIDA,FL,Nurse Communication,75.00,5560,4,0
100137,ADVENTHEALTH HEART OF FLORIDA,FL,Doctor Communication,72.50,5560,4,0
100137,ADVENTHEALTH HEART OF FLORIDA,FL,Recommendation,63.00,1390,1,0
100137,ADVENTHEALTH HEART OF FLORIDA,FL,Overall Rating,64.00,1390,1,0
100137,ADVENTHEALTH HEART OF FLORIDA,FL,Medicine Communication,55.00,4170,3,0
100099,ADVENTHEALTH LAKE WALES,FL,Discharge Information,86.33,1485,3,0
100099,ADVENTHEALTH LAKE WALES,FL,Nurse Communication,78.00,1980,4,0
100099,ADVENTHEALTH LAKE WALES,FL,Doctor Communication,76.00,1980,4,0
100099,ADVENTHEALTH LAKE WALES,FL,Recommendation,66.00,495,1,0
100099,ADVENTHEALTH LAKE WALES,FL,Overall Rating,68.00,495,1,0
100099,ADVENTHEALTH LAKE WALES,FL,Medicine Communication,64.00,1485,3,0
100014,ADVENTHEALTH NEW SMYRNA BEACH,FL,Discharge Information,86.00,4305,3,0
100014,ADVENTHEALTH NEW SMYRNA BEACH,FL,Nurse Communication,78.75,5740,4,0
100014,ADVENTHEALTH NEW SMYRNA BEACH,FL,Doctor Communication,78.50,5740,4,0
100014,ADVENTHEALTH NEW SMYRNA BEACH,FL,Recommendation,69.00,1435,1,0
100014,ADVENTHEALTH NEW SMYRNA BEACH,FL,Overall Rating,68.00,1435,1,0
100014,ADVENTHEALTH NEW SMYRNA BEACH,FL,Medicine Communication,61.00,4305,3,0
100055,ADVENTHEALTH NORTH PINELLAS,FL,Discharge Information,86.33,2649,3,0
100055,ADVENTHEALTH NORTH PINELLAS,FL,Nurse Communication,81.00,3532,4,0
100055,ADVENTHEALTH NORTH PINELLAS,FL,Doctor Communication,77.25,3532,4,0
100055,ADVENTHEALTH NORTH PINELLAS,FL,Recommendation,74.00,883,1,0
100055,ADVENTHEALTH NORTH PINELLAS,FL,Overall Rating,74.00,883,1,0
100055,ADVENTHEALTH NORTH PINELLAS,FL,Medicine Communication,61.00,2649,3,0
100062,ADVENTHEALTH OCALA,FL,Discharge Information,84.67,7476,3,0
100062,ADVENTHEALTH OCALA,FL,Nurse Communication,76.25,9968,4,0
100062,ADVENTHEALTH OCALA,FL,Doctor Communication,72.00,9968,4,0
100062,ADVENTHEALTH OCALA,FL,Recommendation,68.00,2492,1,0
100062,ADVENTHEALTH OCALA,FL,Overall Rating,68.00,2492,1,0
100062,ADVENTHEALTH OCALA,FL,Medicine Communication,58.67,7476,3,0
100007,ADVENTHEALTH ORLANDO,FL,Discharge Information,88.00,35139,3,0
100007,ADVENTHEALTH ORLANDO,FL,Nurse Communication,78.50,46852,4,0
100007,ADVENTHEALTH ORLANDO,FL,Doctor Communication,75.25,46852,4,0
100007,ADVENTHEALTH ORLANDO,FL,Recommendation,74.00,11713,1,0
100007,ADVENTHEALTH ORLANDO,FL,Overall Rating,74.00,11713,1,0
100007,ADVENTHEALTH ORLANDO,FL,Medicine Communication,60.67,35139,3,0
100363,ADVENTHEALTH PALM COAST PARKWAY,FL,Discharge Information,88.00,3657,3,0
100363,ADVENTHEALTH PALM COAST PARKWAY,FL,Nurse Communication,79.75,4876,4,0
100363,ADVENTHEALTH PALM COAST PARKWAY,FL,Doctor Communication,74.50,4876,4,0
100363,ADVENTHEALTH PALM COAST PARKWAY,FL,Recommendation,75.00,1219,1,0
100363,ADVENTHEALTH PALM COAST PARKWAY,FL,Overall Rating,78.00,1219,1,0
100363,ADVENTHEALTH PALM COAST PARKWAY,FL,Medicine Communication,61.00,3657,3,0
100364,ADVENTHEALTH RIVERVIEW,FL,Discharge Information,,0,0,3
100364,ADVENTHEALTH RIVERVIEW,FL,Nurse Communication,,0,0,4
100364,ADVENTHEALTH RIVERVIEW,FL,Doctor Communication,,0,0,4
100364,ADVENTHEALTH RIVERVIEW,FL,Recommendation,,0,0,1
100364,ADVENTHEALTH RIVERVIEW,FL,Overall Rating,,0,0,1
100364,ADVENTHEALTH RIVERVIEW,FL,Medicine Communication,,0,0,3
100109,ADVENTHEALTH SEBRING,FL,Discharge Information,85.00,5070,3,0
100109,ADVENTHEALTH SEBRING,FL,Nurse Communication,74.25,6760,4,0
100109,ADVENTHEALTH SEBRING,FL,Doctor Communication,71.75,6760,4,0
100109,ADVENTHEALTH SEBRING,FL,Recommendation,65.00,1690,1,0
100109,ADVENTHEALTH SEBRING,FL,Overall Rating,65.00,1690,1,0
100109,ADVENTHEALTH SEBRING,FL,Medicine Communication,53.67,5070,3,0
100173,ADVENTHEALTH TAMPA,FL,Discharge Information,84.67,8265,3,0
100173,ADVENTHEALTH TAMPA,FL,Nurse Communication,75.75,11020,4,0
100173,ADVENTHEALTH TAMPA,FL,Doctor Communication,75.00,11020,4,0
100173,ADVENTHEALTH TAMPA,FL,Recommendation,66.00,2755,1,0
100173,ADVENTHEALTH TAMPA,FL,Overall Rating,66.00,2755,1,0
100173,ADVENTHEALTH TAMPA,FL,Medicine Communication,56.00,8265,3,0
100057,ADVENTHEALTH WATERMAN,FL,Discharge Information,88.33,8313,3,0
100057,ADVENTHEALTH WATERMAN,FL,Nurse Communication,79.00,11084,4,0
100057,ADVENTHEALTH WATERMAN,FL,Doctor Communication,74.00,11084,4,0
100057,ADVENTHEALTH WATERMAN,FL,Recommendation,73.00,2771,1,0
100057,ADVENTHEALTH WATERMAN,FL,Overall Rating,73.00,2771,1,0
100057,ADVENTHEALTH WATERMAN,FL,Medicine Communication,62.00,8313,3,0
101300,ADVENTHEALTH WAUCHULA,FL,Discharge Information,,0,0,3
101300,ADVENTHEALTH WAUCHULA,FL,Nurse Communication,,0,0,4
101300,ADVENTHEALTH WAUCHULA,FL,Doctor Communication,,0,0,4
101300,ADVENTHEALTH WAUCHULA,FL,Recommendation,,0,0,1
101300,ADVENTHEALTH WAUCHULA,FL,Overall Rating,,0,0,1
101300,ADVENTHEALTH WAUCHULA,FL,Medicine Communication,,0,0,3
100319,ADVENTHEALTH WESLEY CHAPEL,FL,Discharge Information,88.67,5505,3,0
100319,ADVENTHEALTH WESLEY CHAPEL,FL,Nurse Communication,81.75,7340,4,0
100319,ADVENTHEALTH WESLEY CHAPEL,FL,Doctor Communication,76.00,7340,4,0
100319,ADVENTHEALTH WESLEY CHAPEL,FL,Recommendation,78.00,1835,1,0
100319,ADVENTHEALTH WESLEY CHAPEL,FL,Overall Rating,78.00,1835,1,0
100319,ADVENTHEALTH WESLEY CHAPEL,FL,Medicine Communication,64.00,5505,3,0
100026,ASCENSION SACRED HEART BAY,FL,Discharge Information,85.67,1074,3,0
100026,ASCENSION SACRED HEART BAY,FL,Nurse Communication,76.75,1432,4,0
100026,ASCENSION SACRED HEART BAY,FL,Doctor Communication,76.25,1432,4,0
100026,ASCENSION SACRED HEART BAY,FL,Recommendation,72.00,358,1,0
100026,ASCENSION SACRED HEART BAY,FL,Overall Rating,68.00,358,1,0
100026,ASCENSION SACRED HEART BAY,FL,Medicine Communication,56.33,1074,3,0
100313,ASCENSION SACRED HEART GULF,FL,Discharge Information,87.00,171,3,0
100313,ASCENSION SACRED HEART GULF,FL,Nurse Communication,90.25,228,4,0
100313,ASCENSION SACRED HEART GULF,FL,Doctor Communication,91.75,228,4,0
100313,ASCENSION SACRED HEART GULF,FL,Recommendation,98.00,57,1,0
100313,ASCENSION SACRED HEART GULF,FL,Overall Rating,90.00,57,1,0
100313,ASCENSION SACRED HEART GULF,FL,Medicine Communication,77.00,171,3,0
100321,ASCENSION ST VINCENT'S CLAY COUNTY,FL,Discharge Information,85.00,966,3,0
100321,ASCENSION ST VINCENT'S CLAY COUNTY,FL,Nurse Communication,77.00,1288,4,0
100321,ASCENSION ST VINCENT'S CLAY COUNTY,FL,Doctor Communication,74.00,1288,4,0
100321,ASCENSION ST VINCENT'S CLAY COUNTY,FL,Recommendation,72.00,322,1,0
100321,ASCENSION ST VINCENT'S CLAY COUNTY,FL,Overall Rating,70.00,322,1,0
100321,ASCENSION ST VINCENT'S CLAY COUNTY,FL,Medicine Communication,50.33,966,3,0
100040,ASCENSION ST VINCENT'S RIVERSIDE,FL,Discharge Information,85.00,798,3,0
100040,ASCENSION ST VINCENT'S RIVERSIDE,FL,Nurse Communication,73.50,1064,4,0
100040,ASCENSION ST VINCENT'S RIVERSIDE,FL,Doctor Communication,75.25,1064,4,0
100040,ASCENSION ST VINCENT'S RIVERSIDE,FL,Recommendation,72.00,266,1,0
100040,ASCENSION ST VINCENT'S RIVERSIDE,FL,Overall Rating,63.00,266,1,0
100040,ASCENSION ST VINCENT'S RIVERSIDE,FL,Medicine Communication,49.33,798,3,0
100307,ASCENSION ST VINCENT'S SOUTHSIDE,FL,Discharge Information,82.67,942,3,0
100307,ASCENSION ST VINCENT'S SOUTHSIDE,FL,Nurse Communication,74.00,1256,4,0
100307,ASCENSION ST VINCENT'S SOUTHSIDE,FL,Doctor Communication,74.00,1256,4,0
100307,ASCENSION ST VINCENT'S SOUTHSIDE,FL,Recommendation,66.00,314,1,0
100307,ASCENSION ST VINCENT'S SOUTHSIDE,FL,Overall Rating,67.00,314,1,0
100307,ASCENSION ST VINCENT'S SOUTHSIDE,FL,Medicine Communication,52.67,942,3,0
100361,ASCENSION ST VINCENT'S ST JOHNS COUNTY,FL,Discharge Information,87.33,936,3,0
100361,ASCENSION ST VINCENT'S ST JOHNS COUNTY,FL,Nurse Communication,78.25,1248,4,0
100361,ASCENSION ST VINCENT'S ST JOHNS COUNTY,FL,Doctor Communication,75.75,1248,4,0
100361,ASCENSION ST VINCENT'S ST JOHNS COUNTY,FL,Recommendation,76.00,312,1,0
100361,ASCENSION ST VINCENT'S ST JOHNS COUNTY,FL,Overall Rating,78.00,312,1,0
100361,ASCENSION ST VINCENT'S ST JOHNS COUNTY,FL,Medicine Communication,57.67,936,3,0
100069,AdventHealth Carrollwood,FL,Discharge Information,85.67,3123,3,0
100069,AdventHealth Carrollwood,FL,Nurse Communication,79.50,4164,4,0
100069,AdventHealth Carrollwood,FL,Doctor Communication,77.25,4164,4,0
100069,AdventHealth Carrollwood,FL,Recommendation,71.00,1041,1,0
100069,AdventHealth Carrollwood,FL,Overall Rating,70.00,1041,1,0
100069,AdventHealth Carrollwood,FL,Medicine Communication,60.00,3123,3,0
100118,AdventHealth Palm Coast,FL,Discharge Information,87.67,4407,3,0
100118,AdventHealth Palm Coast,FL,Nurse Communication,80.75,5876,4,0
100118,AdventHealth Palm Coast,FL,Doctor Communication,76.00,5876,4,0
100118,AdventHealth Palm Coast,FL,Recommendation,72.00,1469,1,0
100118,AdventHealth Palm Coast,FL,Overall Rating,74.00,1469,1,0
100118,AdventHealth Palm Coast,FL,Medicine Communication,64.00,4407,3,0
100077,Adventhealth Port Charlotte,FL,Discharge Information,81.67,2535,3,0
100077,Adventhealth Port Charlotte,FL,Nurse Communication,69.75,3380,4,0
100077,Adventhealth Port Charlotte,FL,Doctor Communication,65.75,3380,4,0
100077,Adventhealth Port Charlotte,FL,Recommendation,52.00,845,1,0
100077,Adventhealth Port Charlotte,FL,Overall Rating,51.00,845,1,0
100077,Adventhealth Port Charlotte,FL,Medicine Communication,51.00,2535,3,0
100046,Adventhealth Zephyrhills,FL,Discharge Information,87.33,4965,3,0
100046,Adventhealth Zephyrhills,FL,Nurse Communication,81.00,6620,4,0
100046,Adventhealth Zephyrhills,FL,Doctor Communication,76.25,6620,4,0
100046,Adventhealth Zephyrhills,FL,Recommendation,71.00,1655,1,0
100046,Adventhealth Zephyrhills,FL,Overall Rating,75.00,1655,1,0
100046,Adventhealth Zephyrhills,FL,Medicine Communication,64.00,4965,3,0
100088,BAPTIST HEALTH MEDICAL CENTER - JACKSONVILLE,FL,Discharge Information,86.00,1953,3,0
100088,BAPTIST HEALTH MEDICAL CENTER - JACKSONVILLE,FL,Nurse Communication,77.75,2604,4,0
100088,BAPTIST HEALTH MEDICAL CENTER - JACKSONVILLE,FL,Doctor Communication,75.00,2604,4,0
100088,BAPTIST HEALTH MEDICAL CENTER - JACKSONVILLE,FL,Recommendation,77.00,651,1,0
100088,BAPTIST HEALTH MEDICAL CENTER - JACKSONVILLE,FL,Overall Rating,76.00,651,1,0
100088,BAPTIST HEALTH MEDICAL CENTER - JACKSONVILLE,FL,Medicine Communication,58.00,1953,3,0
100093,BAPTIST HOSPITAL,FL,Discharge Information,86.67,2010,3,0
100093,BAPTIST HOSPITAL,FL,Nurse Communication,78.25,2680,4,0
100093,BAPTIST HOSPITAL,FL,Doctor Communication,74.00,2680,4,0
100093,BAPTIST HOSPITAL,FL,Recommendation,78.00,670,1,0
100093,BAPTIST HOSPITAL,FL,Overall Rating,76.00,670,1,0
100093,BAPTIST HOSPITAL,FL,Medicine Communication,60.00,2010,3,0
100008,BAPTIST HOSPITAL OF MIAMI,FL,Discharge Information,84.00,3270,3,0
100008,BAPTIST HOSPITAL OF MIAMI,FL,Nurse Communication,76.75,4360,4,0
100008,BAPTIST HOSPITAL OF MIAMI,FL,Doctor Communication,78.50,4360,4,0
100008,BAPTIST HOSPITAL OF MIAMI,FL,Recommendation,74.00,1090,1,0
100008,BAPTIST HOSPITAL OF MIAMI,FL,Overall Rating,71.00,1090,1,0
100008,BAPTIST HOSPITAL OF MIAMI,FL,Medicine Communication,60.00,3270,3,0
100117,BAPTIST MEDICAL CENTER  BEACHES,FL,Discharge Information,86.00,1779,3,0
100117,BAPTIST MEDICAL CENTER  BEACHES,FL,Nurse Communication,80.75,2372,4,0
100117,BAPTIST MEDICAL CENTER  BEACHES,FL,Doctor Communication,79.25,2372,4,0
100117,BAPTIST MEDICAL CENTER  BEACHES,FL,Recommendation,83.00,593,1,0
100117,BAPTIST MEDICAL CENTER  BEACHES,FL,Overall Rating,79.00,593,1,0
100117,BAPTIST MEDICAL CENTER  BEACHES,FL,Medicine Communication,64.00,1779,3,0
100140,BAPTIST MEDICAL CENTER - NASSAU,FL,Discharge Information,83.00,1161,3,0
100140,BAPTIST MEDICAL CENTER - NASSAU,FL,Nurse Communication,77.75,1548,4,0
100140,BAPTIST MEDICAL CENTER - NASSAU,FL,Doctor Communication,79.50,1548,4,0
100140,BAPTIST MEDICAL CENTER - NASSAU,FL,Recommendation,77.00,387,1,0
100140,BAPTIST MEDICAL CENTER - NASSAU,FL,Overall Rating,79.00,387,1,0
100140,BAPTIST MEDICAL CENTER - NASSAU,FL,Medicine Communication,58.33,1161,3,0
100121,BARTOW REGIONAL MEDICAL CENTER,FL,Discharge Information,84.00,1683,3,0
100121,BARTOW REGIONAL MEDICAL CENTER,FL,Nurse Communication,76.75,2244,4,0
100121,BARTOW REGIONAL MEDICAL CENTER,FL,Doctor Communication,71.25,2244,4,0
100121,BARTOW REGIONAL MEDICAL CENTER,FL,Recommendation,67.00,561,1,0
100121,BARTOW REGIONAL MEDICAL CENTER,FL,Overall Rating,70.00,561,1,0
100121,BARTOW REGIONAL MEDICAL CENTER,FL,Medicine Communication,61.67,1683,3,0
10009F,BAY PINES VA MEDICAL CENTER,FL,Discharge Information,85.67,1458,3,0
10009F,BAY PINES VA MEDICAL CENTER,FL,Nurse Communication,83.50,1944,4,0
10009F,BAY PINES VA MEDICAL CENTER,FL,Doctor Communication,79.50,1944,4,0
10009F,BAY PINES VA MEDICAL CENTER,FL,Recommendation,77.00,486,1,0
10009F,BAY PINES VA MEDICAL CENTER,FL,Overall Rating,78.00,486,1,0
10009F,BAY PINES VA MEDICAL CENTER,FL,Medicine Communication,68.33,1458,3,0
100362,BAYCARE HOSPITAL WESLEY CHAPEL,FL,Discharge Information,85.00,1167,3,0
100362,BAYCARE HOSPITAL WESLEY CHAPEL,FL,Nurse Communication,81.00,1556,4,0
100362,BAYCARE HOSPITAL WESLEY CHAPEL,FL,Doctor Communication,77.75,1556,4,0
100362,BAYCARE HOSPITAL WESLEY CHAPEL,FL,Recommendation,82.00,389,1,0
100362,BAYCARE HOSPITAL WESLEY CHAPEL,FL,Overall Rating,82.00,389,1,0
100362,BAYCARE HOSPITAL WESLEY CHAPEL,FL,Medicine Communication,59.00,1167,3,0
100002,BETHESDA HOSPITAL EAST,FL,Discharge Information,79.33,3132,3,0
100002,BETHESDA HOSPITAL EAST,FL,Nurse Communication,66.75,4176,4,0
100002,BETHESDA HOSPITAL EAST,FL,Doctor Communication,67.50,4176,4,0
100002,BETHESDA HOSPITAL EAST,FL,Recommendation,60.00,1044,1,0
100002,BETHESDA HOSPITAL EAST,FL,Overall Rating,59.00,1044,1,0
100002,BETHESDA HOSPITAL EAST,FL,Medicine Communication,51.67,3132,3,0
100168,BOCA RATON REGIONAL HOSPITAL,FL,Discharge Information,81.67,3012,3,0
100168,BOCA RATON REGIONAL HOSPITAL,FL,Nurse Communication,70.25,4016,4,0
100168,BOCA RATON REGIONAL HOSPITAL,FL,Doctor Communication,73.25,4016,4,0
100168,BOCA RATON REGIONAL HOSPITAL,FL,Recommendation,64.00,1004,1,0
100168,BOCA RATON REGIONAL HOSPITAL,FL,Overall Rating,61.00,1004,1,0
100168,BOCA RATON REGIONAL HOSPITAL,FL,Medicine Communication,50.00,3012,3,0
100276,BROWARD HEALTH CORAL SPRINGS,FL,Discharge Information,80.33,1944,3,0
100276,BROWARD HEALTH CORAL SPRINGS,FL,Nurse Communication,74.50,2592,4,0
100276,BROWARD HEALTH CORAL SPRINGS,FL,Doctor Communication,74.75,2592,4,0
100276,BROWARD HEALTH CORAL SPRINGS,FL,Recommendation,72.00,648,1,0
100276,BROWARD HEALTH CORAL SPRINGS,FL,Overall Rating,71.00,648,1,0
100276,BROWARD HEALTH CORAL SPRINGS,FL,Medicine Communication,54.00,1944,3,0
100200,BROWARD HEALTH IMPERIAL POINT,FL,Discharge Information,76.67,1245,3,0
100200,BROWARD HEALTH IMPERIAL POINT,FL,Nurse Communication,70.75,1660,4,0
100200,BROWARD HEALTH IMPERIAL POINT,FL,Doctor Communication,74.75,1660,4,0
100200,BROWARD HEALTH IMPERIAL POINT,FL,Recommendation,72.00,415,1,0
100200,BROWARD HEALTH IMPERIAL POINT,FL,Overall Rating,68.00,415,1,0
100200,BROWARD HEALTH IMPERIAL POINT,FL,Medicine Communication,52.33,1245,3,0
100039,BROWARD HEALTH MEDICAL CENTER,FL,Discharge Information,81.00,2571,3,0
100039,BROWARD HEALTH MEDICAL CENTER,FL,Nurse Communication,71.25,3428,4,0
100039,BROWARD HEALTH MEDICAL CENTER,FL,Doctor Communication,71.00,3428,4,0
100039,BROWARD HEALTH MEDICAL CENTER,FL,Recommendation,63.00,857,1,0
100039,BROWARD HEALTH MEDICAL CENTER,FL,Overall Rating,63.00,857,1,0
100039,BROWARD HEALTH MEDICAL CENTER,FL,Medicine Communication,54.67,2571,3,0
100086,BROWARD HEALTH NORTH,FL,Discharge Information,80.00,1977,3,0
100086,BROWARD HEALTH NORTH,FL,Nurse Communication,72.50,2636,4,0
100086,BROWARD HEALTH NORTH,FL,Doctor Communication,70.75,2636,4,0
100086,BROWARD HEALTH NORTH,FL,Recommendation,65.00,659,1,0
100086,BROWARD HEALTH NORTH,FL,Overall Rating,66.00,659,1,0
100086,BROWARD HEALTH NORTH,FL,Medicine Communication,55.00,1977,3,0
101304,CALHOUN-LIBERTY HOSPITAL,FL,Discharge Information,,0,0,3
101304,CALHOUN-LIBERTY HOSPITAL,FL,Nurse Communication,,0,0,4
101304,CALHOUN-LIBERTY HOSPITAL,FL,Doctor Communication,,0,0,4
101304,CALHOUN-LIBERTY HOSPITAL,FL,Recommendation,,0,0,1
101304,CALHOUN-LIBERTY HOSPITAL,FL,Overall Rating,,0,0,1
101304,CALHOUN-LIBERTY HOSPITAL,FL,Medicine Communication,,0,0,3
100177,CAPE CANAVERAL HOSPITAL,FL,Discharge Information,82.33,1569,3,0
100177,CAPE CANAVERAL HOSPITAL,FL,Nurse Communication,76.75,2092,4,0
100177,CAPE CANAVERAL HOSPITAL,FL,Doctor Communication,73.75,2092,4,0
100177,CAPE CANAVERAL HOSPITAL,FL,Recommendation,70.00,523,1,0
100177,CAPE CANAVERAL HOSPITAL,FL,Overall Rating,66.00,523,1,0
100177,CAPE CANAVERAL HOSPITAL,FL,Medicine Communication,60.33,1569,3,0
100244,CAPE CORAL HOSPITAL,FL,Discharge Information,87.00,6024,3,0
100244,CAPE CORAL HOSPITAL,FL,Nurse Communication,76.75,8032,4,0
100244,CAPE CORAL HOSPITAL,FL,Doctor Communication,73.75,8032,4,0
100244,CAPE CORAL HOSPITAL,FL,Recommendation,70.00,2008,1,0
100244,CAPE CORAL HOSPITAL,FL,Overall Rating,68.00,2008,1,0
100244,CAPE CORAL HOSPITAL,FL,Medicine Communication,55.33,6024,3,0
100161,CENTRAL FLORIDA LAKE MONROE HOSPITAL,FL,Discharge Information,78.00,1995,3,0
100161,CENTRAL FLORIDA LAKE MONROE HOSPITAL,FL,Nurse Communication,67.75,2660,4,0
100161,CENTRAL FLORIDA LAKE MONROE HOSPITAL,FL,Doctor Communication,67.00,2660,4,0
100161,CENTRAL FLORIDA LAKE MONROE HOSPITAL,FL,Recommendation,54.00,665,1,0
100161,CENTRAL FLORIDA LAKE MONROE HOSPITAL,FL,Overall Rating,59.00,665,1,0
100161,CENTRAL FLORIDA LAKE MONROE HOSPITAL,FL,Medicine Communication,50.00,1995,3,0
100289,CLEVELAND CLINIC HOSPITAL,FL,Discharge Information,86.00,3294,3,0
100289,CLEVELAND CLINIC HOSPITAL,FL,Nurse Communication,77.25,4392,4,0
100289,CLEVELAND CLINIC HOSPITAL,FL,Doctor Communication,80.25,4392,4,0
100289,CLEVELAND CLINIC HOSPITAL,FL,Recommendation,80.00,1098,1,0
100289,CLEVELAND CLINIC HOSPITAL,FL,Overall Rating,77.00,1098,1,0
100289,CLEVELAND CLINIC HOSPITAL,FL,Medicine Communication,59.33,3294,3,0
100105,CLEVELAND CLINIC INDIAN RIVER HOSPITAL,FL,Discharge Information,83.00,5235,3,0
100105,CLEVELAND CLINIC INDIAN RIVER HOSPITAL,FL,Nurse Communication,73.75,6980,4,0
100105,CLEVELAND CLINIC INDIAN RIVER HOSPITAL,FL,Doctor Communication,74.50,6980,4,0
100105,CLEVELAND CLINIC INDIAN RIVER HOSPITAL,FL,Recommendation,58.00,1745,1,0
100105,CLEVELAND CLINIC INDIAN RIVER HOSPITAL,FL,Overall Rating,57.00,1745,1,0
100105,CLEVELAND CLINIC INDIAN RIVER HOSPITAL,FL,Medicine Communication,52.00,5235,3,0
100044,CLEVELAND CLINIC MARTIN NORTH HOSPITAL,FL,Discharge Information,84.00,6993,3,0
100044,CLEVELAND CLINIC MARTIN NORTH HOSPITAL,FL,Nurse Communication,72.75,9324,4,0
100044,CLEVELAND CLINIC MARTIN NORTH HOSPITAL,FL,Doctor Communication,74.00,9324,4,0
100044,CLEVELAND CLINIC MARTIN NORTH HOSPITAL,FL,Recommendation,61.00,2331,1,0
100044,CLEVELAND CLINIC MARTIN NORTH HOSPITAL,FL,Overall Rating,60.00,2331,1,0
100044,CLEVELAND CLINIC MARTIN NORTH HOSPITAL,FL,Medicine Communication,54.00,6993,3,0
100183,CORAL GABLES HOSPITAL,FL,Discharge Information,85.33,537,3,0
100183,CORAL GABLES HOSPITAL,FL,Nurse Communication,77.00,716,4,0
100183,CORAL GABLES HOSPITAL,FL,Doctor Communication,76.25,716,4,0
100183,CORAL GABLES HOSPITAL,FL,Recommendation,64.00,179,1,0
100183,CORAL GABLES HOSPITAL,FL,Overall Rating,56.00,179,1,0
100183,CORAL GABLES HOSPITAL,FL,Medicine Communication,63.00,537,3,0
100258,DELRAY MEDICAL CENTER,FL,Discharge Information,69.67,5184,3,0
100258,DELRAY MEDICAL CENTER,FL,Nurse Communication,60.00,6912,4,0
100258,DELRAY MEDICAL CENTER,FL,Doctor Communication,62.00,6912,4,0
100258,DELRAY MEDICAL CENTER,FL,Recommendation,45.00,1728,1,0
100258,DELRAY MEDICAL CENTER,FL,Overall Rating,46.00,1728,1,0
100258,DELRAY MEDICAL CENTER,FL,Medicine Communication,44.67,5184,3,0
100175,DESOTO MEMORIAL HOSPITAL,FL,Discharge Information,88.00,375,3,0
100175,DESOTO MEMORIAL HOSPITAL,FL,Nurse Communication,79.75,500,4,0
100175,DESOTO MEMORIAL HOSPITAL,FL,Doctor Communication,83.00,500,4,0
100175,DESOTO MEMORIAL HOSPITAL,FL,Recommendation,67.00,125,1,0
100175,DESOTO MEMORIAL HOSPITAL,FL,Overall Rating,64.00,125,1,0
100175,DESOTO MEMORIAL HOSPITAL,FL,Medicine Communication,64.00,375,3,0
100296,DOCTORS HOSPITAL,FL,Discharge Information,84.67,1590,3,0
100296,DOCTORS HOSPITAL,FL,Nurse Communication,77.25,2120,4,0
100296,DOCTORS HOSPITAL,FL,Doctor Communication,81.00,2120,4,0
100296,DOCTORS HOSPITAL,FL,Recommendation,73.00,530,1,0
100296,DOCTORS HOSPITAL,FL,Overall Rating,73.00,530,1,0
100296,DOCTORS HOSPITAL,FL,Medicine Communication,61.00,1590,3,0
101307,DOCTORS MEMORIAL HOSPITAL,FL,Discharge Information,,0,0,3
101307,DOCTORS MEMORIAL HOSPITAL,FL,Nurse Communication,,0,0,4
101307,DOCTORS MEMORIAL HOSPITAL,FL,Doctor Communication,,0,0,4
101307,DOCTORS MEMORIAL HOSPITAL,FL,Recommendation,,0,0,1
101307,DOCTORS MEMORIAL HOSPITAL,FL,Overall Rating,,0,0,1
101307,DOCTORS MEMORIAL HOSPITAL,FL,Medicine Communication,,0,0,3
101314,DOCTORS MEMORIAL HOSPITAL INC,FL,Discharge Information,,0,0,3
101314,DOCTORS MEMORIAL HOSPITAL INC,FL,Nurse Communication,,0,0,4
101314,DOCTORS MEMORIAL HOSPITAL INC,FL,Doctor Communication,,0,0,4
101314,DOCTORS MEMORIAL HOSPITAL INC,FL,Recommendation,,0,0,1
101314,DOCTORS MEMORIAL HOSPITAL INC,FL,Overall Rating,,0,0,1
101314,DOCTORS MEMORIAL HOSPITAL INC,FL,Medicine Communication,,0,0,3
100277,DOUGLAS GARDENS HOSPITAL,FL,Discharge Information,,0,0,3
100277,DOUGLAS GARDENS HOSPITAL,FL,Nurse Communication,,0,0,4
100277,DOUGLAS GARDENS HOSPITAL,FL,Doctor Communication,,0,0,4
100277,DOUGLAS GARDENS HOSPITAL,FL,Recommendation,,0,0,1
100277,DOUGLAS GARDENS HOSPITAL,FL,Overall Rating,,0,0,1
100277,DOUGLAS GARDENS HOSPITAL,FL,Medicine Communication,,0,0,3
100134,ED FRASER MEMORIAL HOSPITAL,FL,Discharge Information,92.33,195,3,0
100134,ED FRASER MEMORIAL HOSPITAL,FL,Nurse Communication,81.00,260,4,0
100134,ED FRASER MEMORIAL HOSPITAL,FL,Doctor Communication,84.00,260,4,0
100134,ED FRASER MEMORIAL HOSPITAL,FL,Recommendation,76.00,65,1,0
100134,ED FRASER MEMORIAL HOSPITAL,FL,Overall Rating,75.00,65,1,0
100134,ED FRASER MEMORIAL HOSPITAL,FL,Medicine Communication,75.00,195,3,0
101312,FISHERMEN'S COMMUNITY HOSPITAL,FL,Discharge Information,,0,0,3
101312,FISHERMEN'S COMMUNITY HOSPITAL,FL,Nurse Communication,,0,0,4
101312,FISHERMEN'S COMMUNITY HOSPITAL,FL,Doctor Communication,,0,0,4
101312,FISHERMEN'S COMMUNITY HOSPITAL,FL,Recommendation,,0,0,1
101312,FISHERMEN'S COMMUNITY HOSPITAL,FL,Overall Rating,,0,0,1
101312,FISHERMEN'S COMMUNITY HOSPITAL,FL,Medicine Communication,,0,0,3
100090,FLAGLER HOSPITAL,FL,Discharge Information,83.33,1269,3,0
100090,FLAGLER HOSPITAL,FL,Nurse Communication,77.00,1692,4,0
100090,FLAGLER HOSPITAL,FL,Doctor Communication,77.00,1692,4,0
100090,FLAGLER HOSPITAL,FL,Recommendation,66.00,423,1,0
100090,FLAGLER HOSPITAL,FL,Overall Rating,66.00,423,1,0
100090,FLAGLER HOSPITAL,FL,Medicine Communication,54.67,1269,3,0
100298,FLORIDA STATE HOSPITAL UNIT 31 MED,FL,Discharge Information,,0,0,3
100298,FLORIDA STATE HOSPITAL UNIT 31 MED,FL,Nurse Communication,,0,0,4
100298,FLORIDA STATE HOSPITAL UNIT 31 MED,FL,Doctor Communication,,0,0,4
100298,FLORIDA STATE HOSPITAL UNIT 31 MED,FL,Recommendation,,0,0,1
100298,FLORIDA STATE HOSPITAL UNIT 31 MED,FL,Overall Rating,,0,0,1
100298,FLORIDA STATE HOSPITAL UNIT 31 MED,FL,Medicine Communication,,0,0,3
101305,GEORGE E WEEMS MEMORIAL HOSPITAL,FL,Discharge Information,,0,0,3
101305,GEORGE E WEEMS MEMORIAL HOSPITAL,FL,Nurse Communication,,0,0,4
101305,GEORGE E WEEMS MEMORIAL HOSPITAL,FL,Doctor Communication,,0,0,4
101305,GEORGE E WEEMS MEMORIAL HOSPITAL,FL,Recommendation,,0,0,1
101305,GEORGE E WEEMS MEMORIAL HOSPITAL,FL,Overall Rating,,0,0,1
101305,GEORGE E WEEMS MEMORIAL HOSPITAL,FL,Medicine Communication,,0,0,3
100287,GOOD SAMARITAN MEDICAL CENTER,FL,Discharge Information,77.67,2634,3,0
100287,GOOD SAMARITAN MEDICAL CENTER,FL,Nurse Communication,70.25,3512,4,0
100287,GOOD SAMARITAN MEDICAL CENTER,FL,Doctor Communication,72.00,3512,4,0
100287,GOOD SAMARITAN MEDICAL CENTER,FL,Recommendation,60.00,878,1,0
100287,GOOD SAMARITAN MEDICAL CENTER,FL,Overall Rating,60.00,878,1,0
100287,GOOD SAMARITAN MEDICAL CENTER,FL,Medicine Communication,54.00,2634,3,0
100266,GULF BREEZE HOSPITAL,FL,Discharge Information,88.67,1584,3,0
100266,GULF BREEZE HOSPITAL,FL,Nurse Communication,84.25,2112,4,0
100266,GULF BREEZE HOSPITAL,FL,Doctor Communication,82.75,2112,4,0
100266,GULF BREEZE HOSPITAL,FL,Recommendation,83.00,528,1,0
100266,GULF BREEZE HOSPITAL,FL,Overall Rating,81.00,528,1,0
100266,GULF BREEZE HOSPITAL,FL,Medicine Communication,66.67,1584,3,0
100220,GULF COAST MEDICAL CENTER LEE HEALTH,FL,Discharge Information,87.00,6234,3,0
100220,GULF COAST MEDICAL CENTER LEE HEALTH,FL,Nurse Communication,75.75,8312,4,0
100220,GULF COAST MEDICAL CENTER LEE HEALTH,FL,Doctor Communication,74.75,8312,4,0
100220,GULF COAST MEDICAL CENTER LEE HEALTH,FL,Recommendation,73.00,2078,1,0
100220,GULF COAST MEDICAL CENTER LEE HEALTH,FL,Overall Rating,68.00,2078,1,0
100220,GULF COAST MEDICAL CENTER LEE HEALTH,FL,Medicine Communication,56.00,6234,3,0
100330,HALIFAX HEALTH /UF HEALTH MEDICAL CENTER OF DELTON,FL,Discharge Information,83.00,885,3,0
100330,HALIFAX HEALTH /UF HEALTH MEDICAL CENTER OF DELTON,FL,Nurse Communication,73.75,1180,4,0
100330,HALIFAX HEALTH /UF HEALTH MEDICAL CENTER OF DELTON,FL,Doctor Communication,74.75,1180,4,0
100330,HALIFAX HEALTH /UF HEALTH MEDICAL CENTER OF DELTON,FL,Recommendation,73.00,295,1,0
100330,HALIFAX HEALTH /UF HEALTH MEDICAL CENTER OF DELTON,FL,Overall Rating,73.00,295,1,0
100330,HALIFAX HEALTH /UF HEALTH MEDICAL CENTER OF DELTON,FL,Medicine Communication,61.33,885,3,0
100017,HALIFAX HEALTH MEDICAL CENTER,FL,Discharge Information,82.33,5826,3,0
100017,HALIFAX HEALTH MEDICAL CENTER,FL,Nurse Communication,76.75,7768,4,0
100017,HALIFAX HEALTH MEDICAL CENTER,FL,Doctor Communication,75.75,7768,4,0
100017,HALIFAX HEALTH MEDICAL CENTER,FL,Recommendation,66.00,1942,1,0
100017,HALIFAX HEALTH MEDICAL CENTER,FL,Overall Rating,66.00,1942,1,0
100017,HALIFAX HEALTH MEDICAL CENTER,FL,Medicine Communication,59.33,5826,3,0
100131,HCA FLORIDA AVENTURA HOSPITAL,FL,Discharge Information,78.33,1836,3,0
100131,HCA FLORIDA AVENTURA HOSPITAL,FL,Nurse Communication,71.50,2448,4,0
100131,HCA FLORIDA AVENTURA HOSPITAL,FL,Doctor Communication,75.25,2448,4,0
100131,HCA FLORIDA AVENTURA HOSPITAL,FL,Recommendation,64.00,612,1,0
100131,HCA FLORIDA AVENTURA HOSPITAL,FL,Overall Rating,64.00,612,1,0
100131,HCA FLORIDA AVENTURA HOSPITAL,FL,Medicine Communication,54.33,1836,3,0
100256,HCA FLORIDA BAYONET POINT HOSPITAL,FL,Discharge Information,80.00,1974,3,0
100256,HCA FLORIDA BAYONET POINT HOSPITAL,FL,Nurse Communication,72.75,2632,4,0
100256,HCA FLORIDA BAYONET POINT HOSPITAL,FL,Doctor Communication,66.25,2632,4,0
100256,HCA FLORIDA BAYONET POINT HOSPITAL,FL,Recommendation,58.00,658,1,0
100256,HCA FLORIDA BAYONET POINT HOSPITAL,FL,Overall Rating,60.00,658,1,0
100256,HCA FLORIDA BAYONET POINT HOSPITAL,FL,Medicine Communication,54.00,1974,3,0
100213,HCA FLORIDA BLAKE HOSPITAL,FL,Discharge Information,81.00,1749,3,0
100213,HCA FLORIDA BLAKE HOSPITAL,FL,Nurse Communication,71.25,2332,4,0
100213,HCA FLORIDA BLAKE HOSPITAL,FL,Doctor Communication,70.00,2332,4,0
100213,HCA FLORIDA BLAKE HOSPITAL,FL,Recommendation,56.00,583,1,0
100213,HCA FLORIDA BLAKE HOSPITAL,FL,Overall Rating,58.00,583,1,0
100213,HCA FLORIDA BLAKE HOSPITAL,FL,Medicine Communication,53.00,1749,3,0
100243,HCA FLORIDA BRANDON HOSPITAL,FL,Discharge Information,83.33,2013,3,0
100243,HCA FLORIDA BRANDON HOSPITAL,FL,Nurse Communication,72.00,2684,4,0
100243,HCA FLORIDA BRANDON HOSPITAL,FL,Doctor Communication,70.75,2684,4,0
100243,HCA FLORIDA BRANDON HOSPITAL,FL,Recommendation,56.00,671,1,0
100243,HCA FLORIDA BRANDON HOSPITAL,FL,Overall Rating,59.00,671,1,0
100243,HCA FLORIDA BRANDON HOSPITAL,FL,Medicine Communication,49.67,2013,3,0
100254,HCA FLORIDA CAPITAL HOSPITAL,FL,Discharge Information,78.33,1902,3,0
100254,HCA FLORIDA CAPITAL HOSPITAL,FL,Nurse Communication,69.75,2536,4,0
100254,HCA FLORIDA CAPITAL HOSPITAL,FL,Doctor Communication,68.75,2536,4,0
100254,HCA FLORIDA CAPITAL HOSPITAL,FL,Recommendation,60.00,634,1,0
100254,HCA FLORIDA CAPITAL HOSPITAL,FL,Overall Rating,59.00,634,1,0
100254,HCA FLORIDA CAPITAL HOSPITAL,FL,Medicine Communication,53.00,1902,3,0
100023,HCA FLORIDA CITRUS HOSPITAL,FL,Discharge Information,85.00,1635,3,0
100023,HCA FLORIDA CITRUS HOSPITAL,FL,Nurse Communication,74.25,2180,4,0
100023,HCA FLORIDA CITRUS HOSPITAL,FL,Doctor Communication,71.00,2180,4,0
100023,HCA FLORIDA CITRUS HOSPITAL,FL,Recommendation,63.00,545,1,0
100023,HCA FLORIDA CITRUS HOSPITAL,FL,Overall Rating,63.00,545,1,0
100023,HCA FLORIDA CITRUS HOSPITAL,FL,Medicine Communication,57.00,1635,3,0
100267,HCA FLORIDA ENGLEWOOD HOSPITAL,FL,Discharge Information,82.33,1449,3,0
100267,HCA FLORIDA ENGLEWOOD HOSPITAL,FL,Nurse Communication,77.00,1932,4,0
100267,HCA FLORIDA ENGLEWOOD HOSPITAL,FL,Doctor Communication,76.00,1932,4,0
100267,HCA FLORIDA ENGLEWOOD HOSPITAL,FL,Recommendation,66.00,483,1,0
100267,HCA FLORIDA ENGLEWOOD HOSPITAL,FL,Overall Rating,69.00,483,1,0
100267,HCA FLORIDA ENGLEWOOD HOSPITAL,FL,Medicine Communication,55.00,1449,3,0
100236,HCA FLORIDA FAWCETT HOSPITAL,FL,Discharge Information,80.00,1773,3,0
100236,HCA FLORIDA FAWCETT HOSPITAL,FL,Nurse Communication,63.25,2364,4,0
100236,HCA FLORIDA FAWCETT HOSPITAL,FL,Doctor Communication,62.00,2364,4,0
100236,HCA FLORIDA FAWCETT HOSPITAL,FL,Recommendation,49.00,591,1,0
100236,HCA FLORIDA FAWCETT HOSPITAL,FL,Overall Rating,48.00,591,1,0
100236,HCA FLORIDA FAWCETT HOSPITAL,FL,Medicine Communication,45.00,1773,3,0
100223,HCA FLORIDA FORT WALTON-DESTIN HOSPITAL,FL,Discharge Information,86.00,1893,3,0
100223,HCA FLORIDA FORT WALTON-DESTIN HOSPITAL,FL,Nurse Communication,77.25,2524,4,0
100223,HCA FLORIDA FORT WALTON-DESTIN HOSPITAL,FL,Doctor Communication,74.75,2524,4,0
100223,HCA FLORIDA FORT WALTON-DESTIN HOSPITAL,FL,Recommendation,64.00,631,1,0
100223,HCA FLORIDA FORT WALTON-DESTIN HOSPITAL,FL,Overall Rating,66.00,631,1,0
100223,HCA FLORIDA FORT WALTON-DESTIN HOSPITAL,FL,Medicine Communication,57.00,1893,3,0
100242,HCA FLORIDA GULF COAST HOSPITAL,FL,Discharge Information,83.00,2085,3,0
100242,HCA FLORIDA GULF COAST HOSPITAL,FL,Nurse Communication,70.25,2780,4,0
100242,HCA FLORIDA GULF COAST HOSPITAL,FL,Doctor Communication,72.75,2780,4,0
100242,HCA FLORIDA GULF COAST HOSPITAL,FL,Recommendation,61.00,695,1,0
100242,HCA FLORIDA GULF COAST HOSPITAL,FL,Overall Rating,61.00,695,1,0
100242,HCA FLORIDA GULF COAST HOSPITAL,FL,Medicine Communication,51.33,2085,3,0
100049,HCA FLORIDA HIGHLANDS HOSPITAL,FL,Discharge Information,80.00,1356,3,0
100049,HCA FLORIDA HIGHLANDS HOSPITAL,FL,Nurse Communication,75.00,1808,4,0
100049,HCA FLORIDA HIGHLANDS HOSPITAL,FL,Doctor Communication,69.75,1808,4,0
100049,HCA FLORIDA HIGHLANDS HOSPITAL,FL,Recommendation,66.00,452,1,0
100049,HCA FLORIDA HIGHLANDS HOSPITAL,FL,Overall Rating,64.00,452,1,0
100049,HCA FLORIDA HIGHLANDS HOSPITAL,FL,Medicine Communication,55.00,1356,3,0
100080,HCA FLORIDA JFK HOSPITAL,FL,Discharge Information,74.33,2616,3,0
100080,HCA FLORIDA JFK HOSPITAL,FL,Nurse Communication,67.25,3488,4,0
100080,HCA FLORIDA JFK HOSPITAL,FL,Doctor Communication,70.00,3488,4,0
100080,HCA FLORIDA JFK HOSPITAL,FL,Recommendation,58.00,872,1,0
100080,HCA FLORIDA JFK HOSPITAL,FL,Overall Rating,58.00,872,1,0
100080,HCA FLORIDA JFK HOSPITAL,FL,Medicine Communication,49.33,2616,3,0
100209,HCA FLORIDA KENDALL HOSPITAL,FL,Discharge Information,80.00,2247,3,0
100209,HCA FLORIDA KENDALL HOSPITAL,FL,Nurse Communication,73.75,2996,4,0
100209,HCA FLORIDA KENDALL HOSPITAL,FL,Doctor Communication,74.75,2996,4,0
100209,HCA FLORIDA KENDALL HOSPITAL,FL,Recommendation,60.00,749,1,0
100209,HCA FLORIDA KENDALL HOSPITAL,FL,Overall Rating,60.00,749,1,0
100209,HCA FLORIDA KENDALL HOSPITAL,FL,Medicine Communication,60.33,2247,3,0
100156,HCA FLORIDA LAKE CITY HOSPITAL,FL,Discharge Information,83.33,1404,3,0
100156,HCA FLORIDA LAKE CITY HOSPITAL,FL,Nurse Communication,77.00,1872,4,0
100156,HCA FLORIDA LAKE CITY HOSPITAL,FL,Doctor Communication,73.75,1872,4,0
100156,HCA FLORIDA LAKE CITY HOSPITAL,FL,Recommendation,61.00,468,1,0
100156,HCA FLORIDA LAKE CITY HOSPITAL,FL,Overall Rating,62.00,468,1,0
100156,HCA FLORIDA LAKE CITY HOSPITAL,FL,Medicine Communication,56.00,1404,3,0
100248,HCA FLORIDA LARGO HOSPITAL,FL,Discharge Information,76.00,2034,3,0
100248,HCA FLORIDA LARGO HOSPITAL,FL,Nurse Communication,66.75,2712,4,0
100248,HCA FLORIDA LARGO HOSPITAL,FL,Doctor Communication,68.75,2712,4,0
100248,HCA FLORIDA LARGO HOSPITAL,FL,Recommendation,58.00,678,1,0
100248,HCA FLORIDA LARGO HOSPITAL,FL,Overall Rating,56.00,678,1,0
100248,HCA FLORIDA LARGO HOSPITAL,FL,Medicine Communication,46.00,2034,3,0
100246,HCA FLORIDA LAWNWOOD HOSPITAL,FL,Discharge Information,80.00,2085,3,0
100246,HCA FLORIDA LAWNWOOD HOSPITAL,FL,Nurse Communication,73.75,2780,4,0
100246,HCA FLORIDA LAWNWOOD HOSPITAL,FL,Doctor Communication,68.75,2780,4,0
100246,HCA FLORIDA LAWNWOOD HOSPITAL,FL,Recommendation,61.00,695,1,0
100246,HCA FLORIDA LAWNWOOD HOSPITAL,FL,Overall Rating,59.00,695,1,0
100246,HCA FLORIDA LAWNWOOD HOSPITAL,FL,Medicine Communication,46.33,2085,3,0
100107,HCA FLORIDA LEHIGH HOSPITAL,FL,Discharge Information,74.00,1113,3,0
100107,HCA FLORIDA LEHIGH HOSPITAL,FL,Nurse Communication,69.75,1484,4,0
100107,HCA FLORIDA LEHIGH HOSPITAL,FL,Doctor Communication,70.75,1484,4,0
100107,HCA FLORIDA LEHIGH HOSPITAL,FL,Recommendation,55.00,371,1,0
100107,HCA FLORIDA LEHIGH HOSPITAL,FL,Overall Rating,54.00,371,1,0
100107,HCA FLORIDA LEHIGH HOSPITAL,FL,Medicine Communication,51.67,1113,3,0
100179,HCA FLORIDA MEMORIAL HOSPITAL,FL,Discharge Information,79.67,1977,3,0
100179,HCA FLORIDA MEMORIAL HOSPITAL,FL,Nurse Communication,74.25,2636,4,0
100179,HCA FLORIDA MEMORIAL HOSPITAL,FL,Doctor Communication,70.50,2636,4,0
100179,HCA FLORIDA MEMORIAL HOSPITAL,FL,Recommendation,62.00,659,1,0
100179,HCA FLORIDA MEMORIAL HOSPITAL,FL,Overall Rating,64.00,659,1,0
100179,HCA FLORIDA MEMORIAL HOSPITAL,FL,Medicine Communication,57.00,1977,3,0
100167,HCA FLORIDA MERCY HOSPITAL,FL,Discharge Information,75.67,1959,3,0
100167,HCA FLORIDA MERCY HOSPITAL,FL,Nurse Communication,77.00,2612,4,0
100167,HCA FLORIDA MERCY HOSPITAL,FL,Doctor Communication,75.00,2612,4,0
100167,HCA FLORIDA MERCY HOSPITAL,FL,Recommendation,67.00,653,1,0
100167,HCA FLORIDA MERCY HOSPITAL,FL,Overall Rating,65.00,653,1,0
100167,HCA FLORIDA MERCY HOSPITAL,FL,Medicine Communication,57.33,1959,3,0
100204,HCA FLORIDA NORTH FLORIDA HOSPITAL,FL,Discharge Information,82.00,1722,3,0
100204,HCA FLORIDA NORTH FLORIDA HOSPITAL,FL,Nurse Communication,70.25,2296,4,0
100204,HCA FLORIDA NORTH FLORIDA HOSPITAL,FL,Doctor Communication,72.00,2296,4,0
100204,HCA FLORIDA NORTH FLORIDA HOSPITAL,FL,Recommendation,59.00,574,1,0
100204,HCA FLORIDA NORTH FLORIDA HOSPITAL,FL,Overall Rating,59.00,574,1,0
100204,HCA FLORIDA NORTH FLORIDA HOSPITAL,FL,Medicine Communication,53.00,1722,3,0
100238,HCA FLORIDA NORTHSIDE HOSPITAL,FL,Discharge Information,79.33,1722,3,0
100238,HCA FLORIDA NORTHSIDE HOSPITAL,FL,Nurse Communication,71.75,2296,4,0
100238,HCA FLORIDA NORTHSIDE HOSPITAL,FL,Doctor Communication,68.50,2296,4,0
100238,HCA FLORIDA NORTHSIDE HOSPITAL,FL,Recommendation,53.00,574,1,0
100238,HCA FLORIDA NORTHSIDE HOSPITAL,FL,Overall Rating,57.00,574,1,0
100238,HCA FLORIDA NORTHSIDE HOSPITAL,FL,Medicine Communication,51.00,1722,3,0
100189,HCA FLORIDA NORTHWEST HOSPITAL,FL,Discharge Information,70.00,1923,3,0
100189,HCA FLORIDA NORTHWEST HOSPITAL,FL,Nurse Communication,64.75,2564,4,0
100189,HCA FLORIDA NORTHWEST HOSPITAL,FL,Doctor Communication,66.25,2564,4,0
100189,HCA FLORIDA NORTHWEST HOSPITAL,FL,Recommendation,56.00,641,1,0
100189,HCA FLORIDA NORTHWEST HOSPITAL,FL,Overall Rating,57.00,641,1,0
100189,HCA FLORIDA NORTHWEST HOSPITAL,FL,Medicine Communication,47.00,1923,3,0
100264,HCA FLORIDA OAK HILL HOSPITAL,FL,Discharge Information,81.67,2079,3,0
100264,HCA FLORIDA OAK HILL HOSPITAL,FL,Nurse Communication,73.25,2772,4,0
100264,HCA FLORIDA OAK HILL HOSPITAL,FL,Doctor Communication,68.75,2772,4,0
100264,HCA FLORIDA OAK HILL HOSPITAL,FL,Recommendation,59.00,693,1,0
100264,HCA FLORIDA OAK HILL HOSPITAL,FL,Overall Rating,61.00,693,1,0
100264,HCA FLORIDA OAK HILL HOSPITAL,FL,Medicine Communication,53.00,2079,3,0
100226,HCA FLORIDA ORANGE PARK HOSPITAL,FL,Discharge Information,83.00,1983,3,0
100226,HCA FLORIDA ORANGE PARK HOSPITAL,FL,Nurse Communication,73.25,2644,4,0
100226,HCA FLORIDA ORANGE PARK HOSPITAL,FL,Doctor Communication,72.00,2644,4,0
100226,HCA FLORIDA ORANGE PARK HOSPITAL,FL,Recommendation,63.00,661,1,0
100226,HCA FLORIDA ORANGE PARK HOSPITAL,FL,Overall Rating,65.00,661,1,0
100226,HCA FLORIDA ORANGE PARK HOSPITAL,FL,Medicine Communication,55.33,1983,3,0
100110,HCA FLORIDA OSCEOLA HOSPITAL,FL,Discharge Information,77.67,2139,3,0
100110,HCA FLORIDA OSCEOLA HOSPITAL,FL,Nurse Communication,71.75,2852,4,0
100110,HCA FLORIDA OSCEOLA HOSPITAL,FL,Doctor Communication,71.50,2852,4,0
100110,HCA FLORIDA OSCEOLA HOSPITAL,FL,Recommendation,60.00,713,1,0
100110,HCA FLORIDA OSCEOLA HOSPITAL,FL,Overall Rating,61.00,713,1,0
100110,HCA FLORIDA OSCEOLA HOSPITAL,FL,Medicine Communication,51.33,2139,3,0
100269,HCA FLORIDA PALMS WEST HOSPITAL,FL,Discharge Information,79.33,1797,3,0
100269,HCA FLORIDA PALMS WEST HOSPITAL,FL,Nurse Communication,71.00,2396,4,0
100269,HCA FLORIDA PALMS WEST HOSPITAL,FL,Doctor Communication,71.25,2396,4,0
100269,HCA FLORIDA PALMS WEST HOSPITAL,FL,Recommendation,61.00,599,1,0
100269,HCA FLORIDA PALMS WEST HOSPITAL,FL,Overall Rating,63.00,599,1,0
100269,HCA FLORIDA PALMS WEST HOSPITAL,FL,Medicine Communication,49.33,1797,3,0
100126,HCA FLORIDA PASADENA HOSPITAL A PART OF HCA FLORID,FL,Discharge Information,84.67,1179,3,0
100126,HCA FLORIDA PASADENA HOSPITAL A PART OF HCA FLORID,FL,Nurse Communication,77.00,1572,4,0
100126,HCA FLORIDA PASADENA HOSPITAL A PART OF HCA FLORID,FL,Doctor Communication,77.25,1572,4,0
100126,HCA FLORIDA PASADENA HOSPITAL A PART OF HCA FLORID,FL,Recommendation,73.00,393,1,0
100126,HCA FLORIDA PASADENA HOSPITAL A PART OF HCA FLORID,FL,Overall Rating,73.00,393,1,0
100126,HCA FLORIDA PASADENA HOSPITAL A PART OF HCA FLORID,FL,Medicine Communication,58.67,1179,3,0
100320,HCA FLORIDA POINCIANA HOSPITAL,FL,Discharge Information,79.00,1728,3,0
100320,HCA FLORIDA POINCIANA HOSPITAL,FL,Nurse Communication,75.25,2304,4,0
100320,HCA FLORIDA POINCIANA HOSPITAL,FL,Doctor Communication,72.75,2304,4,0
100320,HCA FLORIDA POINCIANA HOSPITAL,FL,Recommendation,64.00,576,1,0
100320,HCA FLORIDA POINCIANA HOSPITAL,FL,Overall Rating,65.00,576,1,0
100320,HCA FLORIDA POINCIANA HOSPITAL,FL,Medicine Communication,55.00,1728,3,0
100232,HCA FLORIDA PUTNAM HOSPITAL,FL,Discharge Information,79.67,1461,3,0
100232,HCA FLORIDA PUTNAM HOSPITAL,FL,Nurse Communication,76.00,1948,4,0
100232,HCA FLORIDA PUTNAM HOSPITAL,FL,Doctor Communication,72.50,1948,4,0
100232,HCA FLORIDA PUTNAM HOSPITAL,FL,Recommendation,57.00,487,1,0
100232,HCA FLORIDA PUTNAM HOSPITAL,FL,Overall Rating,62.00,487,1,0
100232,HCA FLORIDA PUTNAM HOSPITAL,FL,Medicine Communication,57.67,1461,3,0
100252,HCA FLORIDA RAULERSON HOSPITAL,FL,Discharge Information,83.33,1320,3,0
100252,HCA FLORIDA RAULERSON HOSPITAL,FL,Nurse Communication,77.75,1760,4,0
100252,HCA FLORIDA RAULERSON HOSPITAL,FL,Doctor Communication,70.25,1760,4,0
100252,HCA FLORIDA RAULERSON HOSPITAL,FL,Recommendation,66.00,440,1,0
100252,HCA FLORIDA RAULERSON HOSPITAL,FL,Overall Rating,69.00,440,1,0
100252,HCA FLORIDA RAULERSON HOSPITAL,FL,Medicine Communication,63.67,1320,3,0
100166,HCA FLORIDA SARASOTA DOCTORS HOSPITAL,FL,Discharge Information,82.00,1554,3,0
100166,HCA FLORIDA SARASOTA DOCTORS HOSPITAL,FL,Nurse Communication,78.00,2072,4,0
100166,HCA FLORIDA SARASOTA DOCTORS HOSPITAL,FL,Doctor Communication,75.25,2072,4,0
100166,HCA FLORIDA SARASOTA DOCTORS HOSPITAL,FL,Recommendation,68.00,518,1,0
100166,HCA FLORIDA SARASOTA DOCTORS HOSPITAL,FL,Overall Rating,70.00,518,1,0
100166,HCA FLORIDA SARASOTA DOCTORS HOSPITAL,FL,Medicine Communication,59.00,1554,3,0
100259,HCA FLORIDA SOUTH SHORE HOSPITAL,FL,Discharge Information,80.33,1581,3,0
100259,HCA FLORIDA SOUTH SHORE HOSPITAL,FL,Nurse Communication,70.00,2108,4,0
100259,HCA FLORIDA SOUTH SHORE HOSPITAL,FL,Doctor Communication,68.25,2108,4,0
100259,HCA FLORIDA SOUTH SHORE HOSPITAL,FL,Recommendation,58.00,527,1,0
100259,HCA FLORIDA SOUTH SHORE HOSPITAL,FL,Overall Rating,62.00,527,1,0
100259,HCA FLORIDA SOUTH SHORE HOSPITAL,FL,Medicine Communication,49.67,1581,3,0
100206,HCA FLORIDA SOUTH TAMPA HOSPITAL,FL,Discharge Information,83.00,2337,3,0
100206,HCA FLORIDA SOUTH TAMPA HOSPITAL,FL,Nurse Communication,78.75,3116,4,0
100206,HCA FLORIDA SOUTH TAMPA HOSPITAL,FL,Doctor Communication,80.25,3116,4,0
100206,HCA FLORIDA SOUTH TAMPA HOSPITAL,FL,Recommendation,75.00,779,1,0
100206,HCA FLORIDA SOUTH TAMPA HOSPITAL,FL,Overall Rating,74.00,779,1,0
100206,HCA FLORIDA SOUTH TAMPA HOSPITAL,FL,Medicine Communication,60.67,2337,3,0
100180,HCA FLORIDA ST PETERSBURG HOSPITAL,FL,Discharge Information,81.00,1293,3,0
100180,HCA FLORIDA ST PETERSBURG HOSPITAL,FL,Nurse Communication,76.00,1724,4,0
100180,HCA FLORIDA ST PETERSBURG HOSPITAL,FL,Doctor Communication,74.25,1724,4,0
100180,HCA FLORIDA ST PETERSBURG HOSPITAL,FL,Recommendation,66.00,431,1,0
100180,HCA FLORIDA ST PETERSBURG HOSPITAL,FL,Overall Rating,65.00,431,1,0
100180,HCA FLORIDA ST PETERSBURG HOSPITAL,FL,Medicine Communication,55.33,1293,3,0
100191,HCA FLORIDA TRINITY HOSPITAL,FL,Discharge Information,79.67,1797,3,0
100191,HCA FLORIDA TRINITY HOSPITAL,FL,Nurse Communication,71.50,2396,4,0
100191,HCA FLORIDA TRINITY HOSPITAL,FL,Doctor Communication,71.50,2396,4,0
100191,HCA FLORIDA TRINITY HOSPITAL,FL,Recommendation,64.00,599,1,0
100191,HCA FLORIDA TRINITY HOSPITAL,FL,Overall Rating,65.00,599,1,0
100191,HCA FLORIDA TRINITY HOSPITAL,FL,Medicine Communication,53.00,1797,3,0
100054,HCA FLORIDA TWIN CITIES HOSPITAL,FL,Discharge Information,87.33,1158,3,0
100054,HCA FLORIDA TWIN CITIES HOSPITAL,FL,Nurse Communication,84.00,1544,4,0
100054,HCA FLORIDA TWIN CITIES HOSPITAL,FL,Doctor Communication,82.00,1544,4,0
100054,HCA FLORIDA TWIN CITIES HOSPITAL,FL,Recommendation,83.00,386,1,0
100054,HCA FLORIDA TWIN CITIES HOSPITAL,FL,Overall Rating,80.00,386,1,0
100054,HCA FLORIDA TWIN CITIES HOSPITAL,FL,Medicine Communication,63.33,1158,3,0
100360,HCA FLORIDA UNIVERSITY HOSPITAL,FL,Discharge Information,80.67,1863,3,0
100360,HCA FLORIDA UNIVERSITY HOSPITAL,FL,Nurse Communication,70.75,2484,4,0
100360,HCA FLORIDA UNIVERSITY HOSPITAL,FL,Doctor Communication,72.75,2484,4,0
100360,HCA FLORIDA UNIVERSITY HOSPITAL,FL,Recommendation,69.00,621,1,0
100360,HCA FLORIDA UNIVERSITY HOSPITAL,FL,Overall Rating,71.00,621,1,0
100360,HCA FLORIDA UNIVERSITY HOSPITAL,FL,Medicine Communication,53.67,1863,3,0
100231,HCA FLORIDA WEST HOSPITAL,FL,Discharge Information,85.67,1953,3,0
100231,HCA FLORIDA WEST HOSPITAL,FL,Nurse Communication,81.00,2604,4,0
100231,HCA FLORIDA WEST HOSPITAL,FL,Doctor Communication,76.50,2604,4,0
100231,HCA FLORIDA WEST HOSPITAL,FL,Recommendation,72.00,651,1,0
100231,HCA FLORIDA WEST HOSPITAL,FL,Overall Rating,70.00,651,1,0
100231,HCA FLORIDA WEST HOSPITAL,FL,Medicine Communication,62.00,1953,3,0
101309,HENDRY REGIONAL MEDICAL CENTER,FL,Discharge Information,,0,0,3
101309,HENDRY REGIONAL MEDICAL CENTER,FL,Nurse Communication,,0,0,4
101309,HENDRY REGIONAL MEDICAL CENTER,FL,Doctor Communication,,0,0,4
101309,HENDRY REGIONAL MEDICAL CENTER,FL,Recommendation,,0,0,1
101309,HENDRY REGIONAL MEDICAL CENTER,FL,Overall Rating,,0,0,1
101309,HENDRY REGIONAL MEDICAL CENTER,FL,Medicine Communication,,0,0,3
100053,HIALEAH HOSPITAL,FL,Discharge Information,80.67,1152,3,0
100053,HIALEAH HOSPITAL,FL,Nurse Communication,78.25,1536,4,0
100053,HIALEAH HOSPITAL,FL,Doctor Communication,77.00,1536,4,0
100053,HIALEAH HOSPITAL,FL,Recommendation,55.00,384,1,0
100053,HIALEAH HOSPITAL,FL,Overall Rating,53.00,384,1,0
100053,HIALEAH HOSPITAL,FL,Medicine Communication,60.67,1152,3,0
100019,HOLMES REGIONAL MEDICAL CENTER,FL,Discharge Information,82.00,1872,3,0
100019,HOLMES REGIONAL MEDICAL CENTER,FL,Nurse Communication,71.25,2496,4,0
100019,HOLMES REGIONAL MEDICAL CENTER,FL,Doctor Communication,70.25,2496,4,0
100019,HOLMES REGIONAL MEDICAL CENTER,FL,Recommendation,64.00,624,1,0
100019,HOLMES REGIONAL MEDICAL CENTER,FL,Overall Rating,60.00,624,1,0
100019,HOLMES REGIONAL MEDICAL CENTER,FL,Medicine Communication,55.33,1872,3,0
100073,HOLY CROSS HOSPITAL,FL,Discharge Information,80.33,3345,3,0
100073,HOLY CROSS HOSPITAL,FL,Nurse Communication,70.25,4460,4,0
100073,HOLY CROSS HOSPITAL,FL,Doctor Communication,71.75,4460,4,0
100073,HOLY CROSS HOSPITAL,FL,Recommendation,70.00,1115,1,0
100073,HOLY CROSS HOSPITAL,FL,Overall Rating,63.00,1115,1,0
100073,HOLY CROSS HOSPITAL,FL,Medicine Communication,48.00,3345,3,0
100125,HOMESTEAD HOSPITAL,FL,Discharge Information,86.67,1314,3,0
100125,HOMESTEAD HOSPITAL,FL,Nurse Communication,78.00,1752,4,0
100125,HOMESTEAD HOSPITAL,FL,Doctor Communication,78.00,1752,4,0
100125,HOMESTEAD HOSPITAL,FL,Recommendation,67.00,438,1,0
100125,HOMESTEAD HOSPITAL,FL,Overall Rating,69.00,438,1,0
100125,HOMESTEAD HOSPITAL,FL,Medicine Communication,56.33,1314,3,0
100022,JACKSON HEALTH SYSTEM,FL,Discharge Information,82.33,12687,3,0
100022,JACKSON HEALTH SYSTEM,FL,Nurse Communication,76.75,16916,4,0
100022,JACKSON HEALTH SYSTEM,FL,Doctor Communication,77.75,16916,4,0
100022,JACKSON HEALTH SYSTEM,FL,Recommendation,69.00,4229,1,0
100022,JACKSON HEALTH SYSTEM,FL,Overall Rating,68.00,4229,1,0
100022,JACKSON HEALTH SYSTEM,FL,Medicine Communication,59.67,12687,3,0
100142,JACKSON HOSPITAL,FL,Discharge Information,93.00,789,3,0
100142,JACKSON HOSPITAL,FL,Nurse Communication,81.50,1052,4,0
100142,JACKSON HOSPITAL,FL,Doctor Communication,86.50,1052,4,0
100142,JACKSON HOSPITAL,FL,Recommendation,70.00,263,1,0
100142,JACKSON HOSPITAL,FL,Overall Rating,74.00,263,1,0
100142,JACKSON HOSPITAL,FL,Medicine Communication,70.00,789,3,0
101315,JAY HOSPITAL,FL,Discharge Information,93.00,44,1,2
101315,JAY HOSPITAL,FL,Nurse Communication,97.00,44,1,3
101315,JAY HOSPITAL,FL,Doctor Communication,91.00,44,1,3
101315,JAY HOSPITAL,FL,Recommendation,90.00,44,1,0
101315,JAY HOSPITAL,FL,Overall Rating,91.00,44,1,0
101315,JAY HOSPITAL,FL,Medicine Communication,78.00,44,1,2
103300,JOHNS HOPKINS ALL CHILDREN'S HOSPITAL,FL,Discharge Information,,0,0,3
103300,JOHNS HOPKINS ALL CHILDREN'S HOSPITAL,FL,Nurse Communication,,0,0,4
103300,JOHNS HOPKINS ALL CHILDREN'S HOSPITAL,FL,Doctor Communication,,0,0,4
103300,JOHNS HOPKINS ALL CHILDREN'S HOSPITAL,FL,Recommendation,,0,0,1
103300,JOHNS HOPKINS ALL CHILDREN'S HOSPITAL,FL,Overall Rating,,0,0,1
103300,JOHNS HOPKINS ALL CHILDREN'S HOSPITAL,FL,Medicine Communication,,0,0,3
100253,JUPITER MEDICAL CENTER,FL,Discharge Information,83.67,5490,3,0
100253,JUPITER MEDICAL CENTER,FL,Nurse Communication,77.00,7320,4,0
100253,JUPITER MEDICAL CENTER,FL,Doctor Communication,78.00,7320,4,0
100253,JUPITER MEDICAL CENTER,FL,Recommendation,79.00,1830,1,0
100253,JUPITER MEDICAL CENTER,FL,Overall Rating,75.00,1830,1,0
100253,JUPITER MEDICAL CENTER,FL,Medicine Communication,58.00,5490,3,0
100284,KERALTY HOSPITAL,FL,Discharge Information,71.67,228,3,0
100284,KERALTY HOSPITAL,FL,Nurse Communication,74.75,304,4,0
100284,KERALTY HOSPITAL,FL,Doctor Communication,79.00,304,4,0
100284,KERALTY HOSPITAL,FL,Recommendation,67.00,76,1,0
100284,KERALTY HOSPITAL,FL,Overall Rating,63.00,76,1,0
100284,KERALTY HOSPITAL,FL,Medicine Communication,49.00,228,3,0
101303,LAKE BUTLER HOSPITAL,FL,Discharge Information,95.00,159,3,0
101303,LAKE BUTLER HOSPITAL,FL,Nurse Communication,93.25,212,4,0
101303,LAKE BUTLER HOSPITAL,FL,Doctor Communication,93.25,212,4,0
101303,LAKE BUTLER HOSPITAL,FL,Recommendation,95.00,53,1,0
101303,LAKE BUTLER HOSPITAL,FL,Overall Rating,94.00,53,1,0
101303,LAKE BUTLER HOSPITAL,FL,Medicine Communication,75.33,159,3,0
100157,LAKELAND REGIONAL MEDICAL CENTER,FL,Discharge Information,81.33,12612,3,0
100157,LAKELAND REGIONAL MEDICAL CENTER,FL,Nurse Communication,77.25,16816,4,0
100157,LAKELAND REGIONAL MEDICAL CENTER,FL,Doctor Communication,74.25,16816,4,0
100157,LAKELAND REGIONAL MEDICAL CENTER,FL,Recommendation,66.00,4204,1,0
100157,LAKELAND REGIONAL MEDICAL CENTER,FL,Overall Rating,66.00,4204,1,0
100157,LAKELAND REGIONAL MEDICAL CENTER,FL,Medicine Communication,59.00,12612,3,0
100130,LAKESIDE MEDICAL CENTER,FL,Discharge Information,81.67,192,3,0
100130,LAKESIDE MEDICAL CENTER,FL,Nurse Communication,75.75,256,4,0
100130,LAKESIDE MEDICAL CENTER,FL,Doctor Communication,82.00,256,4,0
100130,LAKESIDE MEDICAL CENTER,FL,Recommendation,61.00,64,1,0
100130,LAKESIDE MEDICAL CENTER,FL,Overall Rating,63.00,64,1,0
100130,LAKESIDE MEDICAL CENTER,FL,Medicine Communication,63.00,192,3,0
100299,LAKEWOOD RANCH MEDICAL CENTER,FL,Discharge Information,83.33,4323,3,0
100299,LAKEWOOD RANCH MEDICAL CENTER,FL,Nurse Communication,75.75,5764,4,0
100299,LAKEWOOD RANCH MEDICAL CENTER,FL,Doctor Communication,73.50,5764,4,0
100299,LAKEWOOD RANCH MEDICAL CENTER,FL,Recommendation,67.00,1441,1,0
100299,LAKEWOOD RANCH MEDICAL CENTER,FL,Overall Rating,67.00,1441,1,0
100299,LAKEWOOD RANCH MEDICAL CENTER,FL,Medicine Communication,56.00,4323,3,0
100181,LARKIN COMMUNITY HOSPITAL,FL,Discharge Information,84.00,27,1,2
100181,LARKIN COMMUNITY HOSPITAL,FL,Nurse Communication,84.00,27,1,3
100181,LARKIN COMMUNITY HOSPITAL,FL,Doctor Communication,88.00,27,1,3
100181,LARKIN COMMUNITY HOSPITAL,FL,Recommendation,68.00,27,1,0
100181,LARKIN COMMUNITY HOSPITAL,FL,Overall Rating,70.00,27,1,0
100181,LARKIN COMMUNITY HOSPITAL,FL,Medicine Communication,65.00,27,1,2
100050,LARKIN COMMUNITY HOSPITAL PALM SPRINGS CAMPUS,FL,Discharge Information,76.67,1125,3,0
100050,LARKIN COMMUNITY HOSPITAL PALM SPRINGS CAMPUS,FL,Nurse Communication,75.75,1500,4,0
100050,LARKIN COMMUNITY HOSPITAL PALM SPRINGS CAMPUS,FL,Doctor Communication,78.00,1500,4,0
100050,LARKIN COMMUNITY HOSPITAL PALM SPRINGS CAMPUS,FL,Recommendation,61.00,375,1,0
100050,LARKIN COMMUNITY HOSPITAL PALM SPRINGS CAMPUS,FL,Overall Rating,59.00,375,1,0
100050,LARKIN COMMUNITY HOSPITAL PALM SPRINGS CAMPUS,FL,Medicine Communication,61.67,1125,3,0
100012,LEE MEMORIAL HOSPITAL,FL,Discharge Information,86.33,12285,3,0
100012,LEE MEMORIAL HOSPITAL,FL,Nurse Communication,75.75,16380,4,0
100012,LEE MEMORIAL HOSPITAL,FL,Doctor Communication,75.75,16380,4,0
100012,LEE MEMORIAL HOSPITAL,FL,Recommendation,72.00,4095,1,0
100012,LEE MEMORIAL HOSPITAL,FL,Overall Rating,68.00,4095,1,0
100012,LEE MEMORIAL HOSPITAL,FL,Medicine Communication,57.67,12285,3,0
100150,LOWER KEYS MEDICAL CENTER,FL,Discharge Information,80.33,957,3,0
100150,LOWER KEYS MEDICAL CENTER,FL,Nurse Communication,78.25,1276,4,0
100150,LOWER KEYS MEDICAL CENTER,FL,Doctor Communication,79.00,1276,4,0
100150,LOWER KEYS MEDICAL CENTER,FL,Recommendation,63.00,319,1,0
100150,LOWER KEYS MEDICAL CENTER,FL,Overall Rating,60.00,319,1,0
100150,LOWER KEYS MEDICAL CENTER,FL,Medicine Communication,56.33,957,3,0
101311,MADISON COUNTY MEMORIAL HOSPITAL,FL,Discharge Information,,0,0,3
101311,MADISON COUNTY MEMORIAL HOSPITAL,FL,Nurse Communication,,0,0,4
101311,MADISON COUNTY MEMORIAL HOSPITAL,FL,Doctor Communication,,0,0,4
101311,MADISON COUNTY MEMORIAL HOSPITAL,FL,Recommendation,,0,0,1
101311,MADISON COUNTY MEMORIAL HOSPITAL,FL,Overall Rating,,0,0,1
101311,MADISON COUNTY MEMORIAL HOSPITAL,FL,Medicine Communication,,0,0,3
100035,MANATEE MEMORIAL HOSPITAL,FL,Discharge Information,81.67,1749,3,0
100035,MANATEE MEMORIAL HOSPITAL,FL,Nurse Communication,73.25,2332,4,0
100035,MANATEE MEMORIAL HOSPITAL,FL,Doctor Communication,70.25,2332,4,0
100035,MANATEE MEMORIAL HOSPITAL,FL,Recommendation,58.00,583,1,0
100035,MANATEE MEMORIAL HOSPITAL,FL,Overall Rating,60.00,583,1,0
100035,MANATEE MEMORIAL HOSPITAL,FL,Medicine Communication,49.00,1749,3,0
101313,MARINERS HOSPITAL,FL,Discharge Information,90.00,237,3,0
101313,MARINERS HOSPITAL,FL,Nurse Communication,90.00,316,4,0
101313,MARINERS HOSPITAL,FL,Doctor Communication,89.25,316,4,0
101313,MARINERS HOSPITAL,FL,Recommendation,89.00,79,1,0
101313,MARINERS HOSPITAL,FL,Overall Rating,90.00,79,1,0
101313,MARINERS HOSPITAL,FL,Medicine Communication,79.67,237,3,0
100212,MARION COMMUNTIY HOSPITAL,FL,Discharge Information,82.67,3309,3,0
100212,MARION COMMUNTIY HOSPITAL,FL,Nurse Communication,73.25,4412,4,0
100212,MARION COMMUNTIY HOSPITAL,FL,Doctor Communication,69.25,4412,4,0
100212,MARION COMMUNTIY HOSPITAL,FL,Recommendation,67.00,1103,1,0
100212,MARION COMMUNTIY HOSPITAL,FL,Overall Rating,67.00,1103,1,0
100212,MARION COMMUNTIY HOSPITAL,FL,Medicine Communication,54.33,3309,3,0
100151,MAYO CLINIC,FL,Discharge Information,90.67,4530,3,0
100151,MAYO CLINIC,FL,Nurse Communication,83.75,6040,4,0
100151,MAYO CLINIC,FL,Doctor Communication,83.25,6040,4,0
100151,MAYO CLINIC,FL,Recommendation,89.00,1510,1,0
100151,MAYO CLINIC,FL,Overall Rating,87.00,1510,1,0
100151,MAYO CLINIC,FL,Medicine Communication,66.00,4530,3,0
100265,MEASE COUNTRYSIDE HOSPITAL,FL,Discharge Information,86.67,9630,3,0
100265,MEASE COUNTRYSIDE HOSPITAL,FL,Nurse Communication,81.50,12840,4,0
100265,MEASE COUNTRYSIDE HOSPITAL,FL,Doctor Communication,76.25,12840,4,0
100265,MEASE COUNTRYSIDE HOSPITAL,FL,Recommendation,80.00,3210,1,0
100265,MEASE COUNTRYSIDE HOSPITAL,FL,Overall Rating,79.00,3210,1,0
100265,MEASE COUNTRYSIDE HOSPITAL,FL,Medicine Communication,64.33,9630,3,0
100043,MEASE DUNEDIN HOSPITAL,FL,Discharge Information,87.67,2229,3,0
100043,MEASE DUNEDIN HOSPITAL,FL,Nurse Communication,84.00,2972,4,0
100043,MEASE DUNEDIN HOSPITAL,FL,Doctor Communication,80.75,2972,4,0
100043,MEASE DUNEDIN HOSPITAL,FL,Recommendation,81.00,743,1,0
100043,MEASE DUNEDIN HOSPITAL,FL,Overall Rating,81.00,743,1,0
100043,MEASE DUNEDIN HOSPITAL,FL,Medicine Communication,66.00,2229,3,0
100285,MEMORIAL HOSPITAL MIRAMAR,FL,Discharge Information,87.00,3987,3,0
100285,MEMORIAL HOSPITAL MIRAMAR,FL,Nurse Communication,80.00,5316,4,0
100285,MEMORIAL HOSPITAL MIRAMAR,FL,Doctor Communication,80.25,5316,4,0
100285,MEMORIAL HOSPITAL MIRAMAR,FL,Recommendation,78.00,1329,1,0
100285,MEMORIAL HOSPITAL MIRAMAR,FL,Overall Rating,75.00,1329,1,0
100285,MEMORIAL HOSPITAL MIRAMAR,FL,Medicine Communication,63.00,3987,3,0
100230,MEMORIAL HOSPITAL PEMBROKE,FL,Discharge Information,83.00,2943,3,0
100230,MEMORIAL HOSPITAL PEMBROKE,FL,Nurse Communication,81.00,3924,4,0
100230,MEMORIAL HOSPITAL PEMBROKE,FL,Doctor Communication,80.25,3924,4,0
100230,MEMORIAL HOSPITAL PEMBROKE,FL,Recommendation,75.00,981,1,0
100230,MEMORIAL HOSPITAL PEMBROKE,FL,Overall Rating,76.00,981,1,0
100230,MEMORIAL HOSPITAL PEMBROKE,FL,Medicine Communication,66.00,2943,3,0
100281,MEMORIAL HOSPITAL WEST,FL,Discharge Information,85.67,10341,3,0
100281,MEMORIAL HOSPITAL WEST,FL,Nurse Communication,78.75,13788,4,0
100281,MEMORIAL HOSPITAL WEST,FL,Doctor Communication,79.75,13788,4,0
100281,MEMORIAL HOSPITAL WEST,FL,Recommendation,75.00,3447,1,0
100281,MEMORIAL HOSPITAL WEST,FL,Overall Rating,73.00,3447,1,0
100281,MEMORIAL HOSPITAL WEST,FL,Medicine Communication,60.00,10341,3,0
100038,MEMORIAL REGIONAL HOSPITAL,FL,Discharge Information,82.00,9327,3,0
100038,MEMORIAL REGIONAL HOSPITAL,FL,Nurse Communication,74.25,12436,4,0
100038,MEMORIAL REGIONAL HOSPITAL,FL,Doctor Communication,75.75,12436,4,0
100038,MEMORIAL REGIONAL HOSPITAL,FL,Recommendation,71.00,3109,1,0
100038,MEMORIAL REGIONAL HOSPITAL,FL,Overall Rating,68.00,3109,1,0
100038,MEMORIAL REGIONAL HOSPITAL,FL,Medicine Communication,57.00,9327,3,0
10064F,MIAMI VA MEDICAL CENTER,FL,Discharge Information,84.33,1542,3,0
10064F,MIAMI VA MEDICAL CENTER,FL,Nurse Communication,79.00,2056,4,0
10064F,MIAMI VA MEDICAL CENTER,FL,Doctor Communication,82.75,2056,4,0
10064F,MIAMI VA MEDICAL CENTER,FL,Recommendation,74.00,514,1,0
10064F,MIAMI VA MEDICAL CENTER,FL,Overall Rating,75.00,514,1,0
10064F,MIAMI VA MEDICAL CENTER,FL,Medicine Communication,66.33,1542,3,0
100127,MORTON PLANT HOSPITAL,FL,Discharge Information,87.33,13431,3,0
100127,MORTON PLANT HOSPITAL,FL,Nurse Communication,79.75,17908,4,0
100127,MORTON PLANT HOSPITAL,FL,Doctor Communication,76.75,17908,4,0
100127,MORTON PLANT HOSPITAL,FL,Recommendation,81.00,4477,1,0
100127,MORTON PLANT HOSPITAL,FL,Overall Rating,78.00,4477,1,0
100127,MORTON PLANT HOSPITAL,FL,Medicine Communication,61.33,13431,3,0
100063,MORTON PLANT NORTH BAY HOSPITAL,FL,Discharge Information,87.33,3981,3,0
100063,MORTON PLANT NORTH BAY HOSPITAL,FL,Nurse Communication,83.25,5308,4,0
100063,MORTON PLANT NORTH BAY HOSPITAL,FL,Doctor Communication,77.75,5308,4,0
100063,MORTON PLANT NORTH BAY HOSPITAL,FL,Recommendation,80.00,1327,1,0
100063,MORTON PLANT NORTH BAY HOSPITAL,FL,Overall Rating,76.00,1327,1,0
100063,MORTON PLANT NORTH BAY HOSPITAL,FL,Medicine Communication,61.33,3981,3,0
100034,"MOUNT SINAI MEDICAL CENTER OF FLORIDA, INC",FL,Discharge Information,82.33,12450,3,0
100034,"MOUNT SINAI MEDICAL CENTER OF FLORIDA, INC",FL,Nurse Communication,77.00,16600,4,0
100034,"MOUNT SINAI MEDICAL CENTER OF FLORIDA, INC",FL,Doctor Communication,77.75,16600,4,0
100034,"MOUNT SINAI MEDICAL CENTER OF FLORIDA, INC",FL,Recommendation,74.00,4150,1,0
100034,"MOUNT SINAI MEDICAL CENTER OF FLORIDA, INC",FL,Overall Rating,70.00,4150,1,0
100034,"MOUNT SINAI MEDICAL CENTER OF FLORIDA, INC",FL,Medicine Communication,57.33,12450,3,0
100018,NAPLES COMMUNITY HOSPITAL,FL,Discharge Information,81.00,9288,3,0
100018,NAPLES COMMUNITY HOSPITAL,FL,Nurse Communication,68.75,12384,4,0
100018,NAPLES COMMUNITY HOSPITAL,FL,Doctor Communication,73.25,12384,4,0
100018,NAPLES COMMUNITY HOSPITAL,FL,Recommendation,66.00,3096,1,0
100018,NAPLES COMMUNITY HOSPITAL,FL,Overall Rating,62.00,3096,1,0
100018,NAPLES COMMUNITY HOSPITAL,FL,Medicine Communication,49.33,9288,3,0
103304,"NEMOURS CHILDRENS HOSPITAL, FLORIDA",FL,Discharge Information,,0,0,3
103304,"NEMOURS CHILDRENS HOSPITAL, FLORIDA",FL,Nurse Communication,,0,0,4
103304,"NEMOURS CHILDRENS HOSPITAL, FLORIDA",FL,Doctor Communication,,0,0,4
103304,"NEMOURS CHILDRENS HOSPITAL, FLORIDA",FL,Recommendation,,0,0,1
103304,"NEMOURS CHILDRENS HOSPITAL, FLORIDA",FL,Overall Rating,,0,0,1
103304,"NEMOURS CHILDRENS HOSPITAL, FLORIDA",FL,Medicine Communication,,0,0,3
10013F,NH Jacksonville,FL,Discharge Information,87.67,654,3,0
10013F,NH Jacksonville,FL,Nurse Communication,80.50,872,4,0
10013F,NH Jacksonville,FL,Doctor Communication,80.25,872,4,0
10013F,NH Jacksonville,FL,Recommendation,66.00,218,1,0
10013F,NH Jacksonville,FL,Overall Rating,67.00,218,1,0
10013F,NH Jacksonville,FL,Medicine Communication,63.00,654,3,0
103301,NICKLAUS CHILDREN'S HOSPITAL,FL,Discharge Information,,0,0,3
103301,NICKLAUS CHILDREN'S HOSPITAL,FL,Nurse Communication,,0,0,4
103301,NICKLAUS CHILDREN'S HOSPITAL,FL,Doctor Communication,,0,0,4
103301,NICKLAUS CHILDREN'S HOSPITAL,FL,Recommendation,,0,0,1
103301,NICKLAUS CHILDREN'S HOSPITAL,FL,Overall Rating,,0,0,1
103301,NICKLAUS CHILDREN'S HOSPITAL,FL,Medicine Communication,,0,0,3
100122,NORTH OKALOOSA MEDICAL CENTER,FL,Discharge Information,80.33,1227,3,0
100122,NORTH OKALOOSA MEDICAL CENTER,FL,Nurse Communication,72.50,1636,4,0
100122,NORTH OKALOOSA MEDICAL CENTER,FL,Doctor Communication,70.00,1636,4,0
100122,NORTH OKALOOSA MEDICAL CENTER,FL,Recommendation,53.00,409,1,0
100122,NORTH OKALOOSA MEDICAL CENTER,FL,Overall Rating,57.00,409,1,0
100122,NORTH OKALOOSA MEDICAL CENTER,FL,Medicine Communication,53.33,1227,3,0
100029,NORTH SHORE MEDICAL CENTER,FL,Discharge Information,71.33,1350,3,0
100029,NORTH SHORE MEDICAL CENTER,FL,Nurse Communication,66.25,1800,4,0
100029,NORTH SHORE MEDICAL CENTER,FL,Doctor Communication,70.50,1800,4,0
100029,NORTH SHORE MEDICAL CENTER,FL,Recommendation,46.00,450,1,0
100029,NORTH SHORE MEDICAL CENTER,FL,Overall Rating,47.00,450,1,0
100029,NORTH SHORE MEDICAL CENTER,FL,Medicine Communication,46.67,1350,3,0
100365,NORTH WALTON DOCTORS HOSPITAL,FL,Discharge Information,,0,0,3
100365,NORTH WALTON DOCTORS HOSPITAL,FL,Nurse Communication,,0,0,4
100365,NORTH WALTON DOCTORS HOSPITAL,FL,Doctor Communication,,0,0,4
100365,NORTH WALTON DOCTORS HOSPITAL,FL,Recommendation,,0,0,1
100365,NORTH WALTON DOCTORS HOSPITAL,FL,Overall Rating,,0,0,1
100365,NORTH WALTON DOCTORS HOSPITAL,FL,Medicine Communication,,0,0,3
101308,NORTHWEST FLORIDA COMMUNITY HOSPITAL,FL,Discharge Information,73.67,258,3,0
101308,NORTHWEST FLORIDA COMMUNITY HOSPITAL,FL,Nurse Communication,67.00,344,4,0
101308,NORTHWEST FLORIDA COMMUNITY HOSPITAL,FL,Doctor Communication,75.75,344,4,0
101308,NORTHWEST FLORIDA COMMUNITY HOSPITAL,FL,Recommendation,61.00,86,1,0
101308,NORTHWEST FLORIDA COMMUNITY HOSPITAL,FL,Overall Rating,61.00,86,1,0
101308,NORTHWEST FLORIDA COMMUNITY HOSPITAL,FL,Medicine Communication,53.33,258,3,0
100006,ORLANDO HEALTH,FL,Discharge Information,85.67,27999,3,0
100006,ORLANDO HEALTH,FL,Nurse Communication,77.50,37332,4,0
100006,ORLANDO HEALTH,FL,Doctor Communication,77.25,37332,4,0
100006,ORLANDO HEALTH,FL,Recommendation,74.00,9333,1,0
100006,ORLANDO HEALTH,FL,Overall Rating,74.00,9333,1,0
100006,ORLANDO HEALTH,FL,Medicine Communication,59.00,27999,3,0
100032,ORLANDO HEALTH BAYFRONT HOSPITAL,FL,Discharge Information,84.00,3972,3,0
100032,ORLANDO HEALTH BAYFRONT HOSPITAL,FL,Nurse Communication,74.75,5296,4,0
100032,ORLANDO HEALTH BAYFRONT HOSPITAL,FL,Doctor Communication,74.00,5296,4,0
100032,ORLANDO HEALTH BAYFRONT HOSPITAL,FL,Recommendation,67.00,1324,1,0
100032,ORLANDO HEALTH BAYFRONT HOSPITAL,FL,Overall Rating,65.00,1324,1,0
100032,ORLANDO HEALTH BAYFRONT HOSPITAL,FL,Medicine Communication,52.67,3972,3,0
100291,ORLANDO HEALTH MELBOURNE HOSPITAL,FL,Discharge Information,83.00,2394,3,0
100291,ORLANDO HEALTH MELBOURNE HOSPITAL,FL,Nurse Communication,74.00,3192,4,0
100291,ORLANDO HEALTH MELBOURNE HOSPITAL,FL,Doctor Communication,77.00,3192,4,0
100291,ORLANDO HEALTH MELBOURNE HOSPITAL,FL,Recommendation,63.00,798,1,0
100291,ORLANDO HEALTH MELBOURNE HOSPITAL,FL,Overall Rating,62.00,798,1,0
100291,ORLANDO HEALTH MELBOURNE HOSPITAL,FL,Medicine Communication,57.67,2394,3,0
100217,ORLANDO HEALTH SEBASTIAN RIVER HOSPITAL,FL,Discharge Information,82.00,1632,3,0
100217,ORLANDO HEALTH SEBASTIAN RIVER HOSPITAL,FL,Nurse Communication,71.25,2176,4,0
100217,ORLANDO HEALTH SEBASTIAN RIVER HOSPITAL,FL,Doctor Communication,75.25,2176,4,0
100217,ORLANDO HEALTH SEBASTIAN RIVER HOSPITAL,FL,Recommendation,56.00,544,1,0
100217,ORLANDO HEALTH SEBASTIAN RIVER HOSPITAL,FL,Overall Rating,56.00,544,1,0
100217,ORLANDO HEALTH SEBASTIAN RIVER HOSPITAL,FL,Medicine Communication,56.33,1632,3,0
100051,ORLANDO HEALTH SOUTH LAKE HOSPITAL,FL,Discharge Information,87.33,6426,3,0
100051,ORLANDO HEALTH SOUTH LAKE HOSPITAL,FL,Nurse Communication,78.25,8568,4,0
100051,ORLANDO HEALTH SOUTH LAKE HOSPITAL,FL,Doctor Communication,76.50,8568,4,0
100051,ORLANDO HEALTH SOUTH LAKE HOSPITAL,FL,Recommendation,75.00,2142,1,0
100051,ORLANDO HEALTH SOUTH LAKE HOSPITAL,FL,Overall Rating,73.00,2142,1,0
100051,ORLANDO HEALTH SOUTH LAKE HOSPITAL,FL,Medicine Communication,58.33,6426,3,0
100302,ORLANDO HEALTH ST CLOUD HOSPITAL,FL,Discharge Information,85.00,1905,3,0
100302,ORLANDO HEALTH ST CLOUD HOSPITAL,FL,Nurse Communication,76.00,2540,4,0
100302,ORLANDO HEALTH ST CLOUD HOSPITAL,FL,Doctor Communication,75.75,2540,4,0
100302,ORLANDO HEALTH ST CLOUD HOSPITAL,FL,Recommendation,65.00,635,1,0
100302,ORLANDO HEALTH ST CLOUD HOSPITAL,FL,Overall Rating,65.00,635,1,0
100302,ORLANDO HEALTH ST CLOUD HOSPITAL,FL,Medicine Communication,59.00,1905,3,0
100030,ORLANDO HEALTH-HEALTH CENTRAL HOSPITAL,FL,Discharge Information,83.33,4788,3,0
100030,ORLANDO HEALTH-HEALTH CENTRAL HOSPITAL,FL,Nurse Communication,79.00,6384,4,0
100030,ORLANDO HEALTH-HEALTH CENTRAL HOSPITAL,FL,Doctor Communication,78.25,6384,4,0
100030,ORLANDO HEALTH-HEALTH CENTRAL HOSPITAL,FL,Recommendation,73.00,1596,1,0
100030,ORLANDO HEALTH-HEALTH CENTRAL HOSPITAL,FL,Overall Rating,73.00,1596,1,0
100030,ORLANDO HEALTH-HEALTH CENTRAL HOSPITAL,FL,Medicine Communication,61.00,4788,3,0
10099F,ORLANDO VA MEDICAL CENTER,FL,Discharge Information,87.67,1173,3,0
10099F,ORLANDO VA MEDICAL CENTER,FL,Nurse Communication,83.50,1564,4,0
10099F,ORLANDO VA MEDICAL CENTER,FL,Doctor Communication,85.50,1564,4,0
10099F,ORLANDO VA MEDICAL CENTER,FL,Recommendation,80.00,391,1,0
10099F,ORLANDO VA MEDICAL CENTER,FL,Overall Rating,82.00,391,1,0
10099F,ORLANDO VA MEDICAL CENTER,FL,Medicine Communication,70.67,1173,3,0
100329,OVIEDO MEDICAL CENTER,FL,Discharge Information,86.33,1689,3,0
100329,OVIEDO MEDICAL CENTER,FL,Nurse Communication,81.00,2252,4,0
100329,OVIEDO MEDICAL CENTER,FL,Doctor Communication,79.00,2252,4,0
100329,OVIEDO MEDICAL CENTER,FL,Recommendation,74.00,563,1,0
100329,OVIEDO MEDICAL CENTER,FL,Overall Rating,77.00,563,1,0
100329,OVIEDO MEDICAL CENTER,FL,Medicine Communication,61.00,1689,3,0
100316,PALM BAY HOSPITAL,FL,Discharge Information,80.00,1311,3,0
100316,PALM BAY HOSPITAL,FL,Nurse Communication,73.75,1748,4,0
100316,PALM BAY HOSPITAL,FL,Doctor Communication,75.25,1748,4,0
100316,PALM BAY HOSPITAL,FL,Recommendation,67.00,437,1,0
100316,PALM BAY HOSPITAL,FL,Overall Rating,62.00,437,1,0
100316,PALM BAY HOSPITAL,FL,Medicine Communication,59.00,1311,3,0
100176,PALM BEACH GARDENS MEDICAL CENTER,FL,Discharge Information,79.00,3195,3,0
100176,PALM BEACH GARDENS MEDICAL CENTER,FL,Nurse Communication,65.00,4260,4,0
100176,PALM BEACH GARDENS MEDICAL CENTER,FL,Doctor Communication,69.50,4260,4,0
100176,PALM BEACH GARDENS MEDICAL CENTER,FL,Recommendation,55.00,1065,1,0
100176,PALM BEACH GARDENS MEDICAL CENTER,FL,Overall Rating,52.00,1065,1,0
100176,PALM BEACH GARDENS MEDICAL CENTER,FL,Medicine Communication,45.33,3195,3,0
100187,PALMETTO GENERAL HOSPITAL,FL,Discharge Information,77.00,2079,3,0
100187,PALMETTO GENERAL HOSPITAL,FL,Nurse Communication,76.25,2772,4,0
100187,PALMETTO GENERAL HOSPITAL,FL,Doctor Communication,78.00,2772,4,0
100187,PALMETTO GENERAL HOSPITAL,FL,Recommendation,56.00,693,1,0
100187,PALMETTO GENERAL HOSPITAL,FL,Overall Rating,54.00,693,1,0
100187,PALMETTO GENERAL HOSPITAL,FL,Medicine Communication,62.67,2079,3,0
100028,PARRISH MEDICAL CENTER,FL,Discharge Information,84.33,1545,3,0
100028,PARRISH MEDICAL CENTER,FL,Nurse Communication,72.50,2060,4,0
100028,PARRISH MEDICAL CENTER,FL,Doctor Communication,75.00,2060,4,0
100028,PARRISH MEDICAL CENTER,FL,Recommendation,61.00,515,1,0
100028,PARRISH MEDICAL CENTER,FL,Overall Rating,60.00,515,1,0
100028,PARRISH MEDICAL CENTER,FL,Medicine Communication,53.00,1545,3,0
100286,PHYSICIANS REGIONAL MEDICAL CENTER - PINE RIDGE,FL,Discharge Information,80.00,8016,3,0
100286,PHYSICIANS REGIONAL MEDICAL CENTER - PINE RIDGE,FL,Nurse Communication,71.75,10688,4,0
100286,PHYSICIANS REGIONAL MEDICAL CENTER - PINE RIDGE,FL,Doctor Communication,75.50,10688,4,0
100286,PHYSICIANS REGIONAL MEDICAL CENTER - PINE RIDGE,FL,Recommendation,64.00,2672,1,0
100286,PHYSICIANS REGIONAL MEDICAL CENTER - PINE RIDGE,FL,Overall Rating,62.00,2672,1,0
100286,PHYSICIANS REGIONAL MEDICAL CENTER - PINE RIDGE,FL,Medicine Communication,51.33,8016,3,0
100025,SACRED HEART HOSPITAL,FL,Discharge Information,84.67,945,3,0
100025,SACRED HEART HOSPITAL,FL,Nurse Communication,72.50,1260,4,0
100025,SACRED HEART HOSPITAL,FL,Doctor Communication,73.00,1260,4,0
100025,SACRED HEART HOSPITAL,FL,Recommendation,64.00,315,1,0
100025,SACRED HEART HOSPITAL,FL,Overall Rating,64.00,315,1,0
100025,SACRED HEART HOSPITAL,FL,Medicine Communication,56.00,945,3,0
100292,SACRED HEART HOSPITAL ON THE EMERALD COAST,FL,Discharge Information,83.67,837,3,0
100292,SACRED HEART HOSPITAL ON THE EMERALD COAST,FL,Nurse Communication,80.75,1116,4,0
100292,SACRED HEART HOSPITAL ON THE EMERALD COAST,FL,Doctor Communication,81.75,1116,4,0
100292,SACRED HEART HOSPITAL ON THE EMERALD COAST,FL,Recommendation,73.00,279,1,0
100292,SACRED HEART HOSPITAL ON THE EMERALD COAST,FL,Overall Rating,72.00,279,1,0
100292,SACRED HEART HOSPITAL ON THE EMERALD COAST,FL,Medicine Communication,66.00,837,3,0
100124,SANTA ROSA MEDICAL CENTER,FL,Discharge Information,84.33,1242,3,0
100124,SANTA ROSA MEDICAL CENTER,FL,Nurse Communication,75.25,1656,4,0
100124,SANTA ROSA MEDICAL CENTER,FL,Doctor Communication,76.00,1656,4,0
100124,SANTA ROSA MEDICAL CENTER,FL,Recommendation,61.00,414,1,0
100124,SANTA ROSA MEDICAL CENTER,FL,Overall Rating,66.00,414,1,0
100124,SANTA ROSA MEDICAL CENTER,FL,Medicine Communication,60.00,1242,3,0
100087,SARASOTA MEMORIAL HOSPITAL,FL,Discharge Information,86.33,16332,3,0
100087,SARASOTA MEMORIAL HOSPITAL,FL,Nurse Communication,76.75,21776,4,0
100087,SARASOTA MEMORIAL HOSPITAL,FL,Doctor Communication,75.25,21776,4,0
100087,SARASOTA MEMORIAL HOSPITAL,FL,Recommendation,77.00,5444,1,0
100087,SARASOTA MEMORIAL HOSPITAL,FL,Overall Rating,72.00,5444,1,0
100087,SARASOTA MEMORIAL HOSPITAL,FL,Medicine Communication,58.33,16332,3,0
100359,SARASOTA MEMORIAL HOSPITAL - VENICE,FL,Discharge Information,88.67,7170,3,0
100359,SARASOTA MEMORIAL HOSPITAL - VENICE,FL,Nurse Communication,82.50,9560,4,0
100359,SARASOTA MEMORIAL HOSPITAL - VENICE,FL,Doctor Communication,75.25,9560,4,0
100359,SARASOTA MEMORIAL HOSPITAL - VENICE,FL,Recommendation,86.00,2390,1,0
100359,SARASOTA MEMORIAL HOSPITAL - VENICE,FL,Overall Rating,83.00,2390,1,0
100359,SARASOTA MEMORIAL HOSPITAL - VENICE,FL,Medicine Communication,61.00,7170,3,0
100001,SHANDS JACKSONVILLE,FL,Discharge Information,84.33,11190,3,0
100001,SHANDS JACKSONVILLE,FL,Nurse Communication,75.25,14920,4,0
100001,SHANDS JACKSONVILLE,FL,Doctor Communication,76.50,14920,4,0
100001,SHANDS JACKSONVILLE,FL,Recommendation,70.00,3730,1,0
100001,SHANDS JACKSONVILLE,FL,Overall Rating,69.00,3730,1,0
100001,SHANDS JACKSONVILLE,FL,Medicine Communication,56.33,11190,3,0
100132,SOUTH FLORIDA BAPTIST HOSPITAL,FL,Discharge Information,86.33,2517,3,0
100132,SOUTH FLORIDA BAPTIST HOSPITAL,FL,Nurse Communication,79.00,3356,4,0
100132,SOUTH FLORIDA BAPTIST HOSPITAL,FL,Doctor Communication,73.75,3356,4,0
100132,SOUTH FLORIDA BAPTIST HOSPITAL,FL,Recommendation,75.00,839,1,0
100132,SOUTH FLORIDA BAPTIST HOSPITAL,FL,Overall Rating,76.00,839,1,0
100132,SOUTH FLORIDA BAPTIST HOSPITAL,FL,Medicine Communication,61.00,2517,3,0
100154,SOUTH MIAMI HOSPITAL,FL,Discharge Information,83.67,2115,3,0
100154,SOUTH MIAMI HOSPITAL,FL,Nurse Communication,78.00,2820,4,0
100154,SOUTH MIAMI HOSPITAL,FL,Doctor Communication,78.50,2820,4,0
100154,SOUTH MIAMI HOSPITAL,FL,Recommendation,77.00,705,1,0
100154,SOUTH MIAMI HOSPITAL,FL,Overall Rating,75.00,705,1,0
100154,SOUTH MIAMI HOSPITAL,FL,Medicine Communication,62.67,2115,3,0
100067,ST ANTHONYS HOSPITAL,FL,Discharge Information,87.00,7005,3,0
100067,ST ANTHONYS HOSPITAL,FL,Nurse Communication,80.00,9340,4,0
100067,ST ANTHONYS HOSPITAL,FL,Doctor Communication,77.00,9340,4,0
100067,ST ANTHONYS HOSPITAL,FL,Recommendation,81.00,2335,1,0
100067,ST ANTHONYS HOSPITAL,FL,Overall Rating,78.00,2335,1,0
100067,ST ANTHONYS HOSPITAL,FL,Medicine Communication,60.00,7005,3,0
100075,ST JOSEPHS HOSPITAL,FL,Discharge Information,86.33,17814,3,0
100075,ST JOSEPHS HOSPITAL,FL,Nurse Communication,80.25,23752,4,0
100075,ST JOSEPHS HOSPITAL,FL,Doctor Communication,76.75,23752,4,0
100075,ST JOSEPHS HOSPITAL,FL,Recommendation,77.00,5938,1,0
100075,ST JOSEPHS HOSPITAL,FL,Overall Rating,77.00,5938,1,0
100075,ST JOSEPHS HOSPITAL,FL,Medicine Communication,61.33,17814,3,0
100260,ST LUCIE MEDICAL CENTER,FL,Discharge Information,82.33,1716,3,0
100260,ST LUCIE MEDICAL CENTER,FL,Nurse Communication,73.75,2288,4,0
100260,ST LUCIE MEDICAL CENTER,FL,Doctor Communication,68.00,2288,4,0
100260,ST LUCIE MEDICAL CENTER,FL,Recommendation,67.00,572,1,0
100260,ST LUCIE MEDICAL CENTER,FL,Overall Rating,63.00,572,1,0
100260,ST LUCIE MEDICAL CENTER,FL,Medicine Communication,55.67,1716,3,0
100288,ST MARY'S MEDICAL CENTER,FL,Discharge Information,79.67,1722,3,0
100288,ST MARY'S MEDICAL CENTER,FL,Nurse Communication,65.25,2296,4,0
100288,ST MARY'S MEDICAL CENTER,FL,Doctor Communication,69.25,2296,4,0
100288,ST MARY'S MEDICAL CENTER,FL,Recommendation,56.00,574,1,0
100288,ST MARY'S MEDICAL CENTER,FL,Overall Rating,55.00,574,1,0
100288,ST MARY'S MEDICAL CENTER,FL,Medicine Communication,49.00,1722,3,0
100135,TALLAHASSEE MEMORIAL HEALTHCARE,FL,Discharge Information,80.67,3477,3,0
100135,TALLAHASSEE MEMORIAL HEALTHCARE,FL,Nurse Communication,72.00,4636,4,0
100135,TALLAHASSEE MEMORIAL HEALTHCARE,FL,Doctor Communication,75.25,4636,4,0
100135,TALLAHASSEE MEMORIAL HEALTHCARE,FL,Recommendation,66.00,1159,1,0
100135,TALLAHASSEE MEMORIAL HEALTHCARE,FL,Overall Rating,62.00,1159,1,0
100135,TALLAHASSEE MEMORIAL HEALTHCARE,FL,Medicine Communication,53.67,3477,3,0
100128,TAMPA GENERAL HOSPITAL,FL,Discharge Information,84.33,3723,3,0
100128,TAMPA GENERAL HOSPITAL,FL,Nurse Communication,78.50,4964,4,0
100128,TAMPA GENERAL HOSPITAL,FL,Doctor Communication,75.25,4964,4,0
100128,TAMPA GENERAL HOSPITAL,FL,Recommendation,71.00,1241,1,0
100128,TAMPA GENERAL HOSPITAL,FL,Overall Rating,68.00,1241,1,0
100128,TAMPA GENERAL HOSPITAL,FL,Medicine Communication,58.67,3723,3,0
100071,TAMPA GENERAL HOSPITAL BROOKSVILLE,FL,Discharge Information,78.00,2607,3,0
100071,TAMPA GENERAL HOSPITAL BROOKSVILLE,FL,Nurse Communication,70.00,3476,4,0
100071,TAMPA GENERAL HOSPITAL BROOKSVILLE,FL,Doctor Communication,61.75,3476,4,0
100071,TAMPA GENERAL HOSPITAL BROOKSVILLE,FL,Recommendation,54.00,869,1,0
100071,TAMPA GENERAL HOSPITAL BROOKSVILLE,FL,Overall Rating,52.00,869,1,0
100071,TAMPA GENERAL HOSPITAL BROOKSVILLE,FL,Medicine Communication,48.67,2607,3,0
100249,TAMPA GENERAL HOSPITAL CRYSTAL RIVER,FL,Discharge Information,79.00,1839,3,0
100249,TAMPA GENERAL HOSPITAL CRYSTAL RIVER,FL,Nurse Communication,74.25,2452,4,0
100249,TAMPA GENERAL HOSPITAL CRYSTAL RIVER,FL,Doctor Communication,67.25,2452,4,0
100249,TAMPA GENERAL HOSPITAL CRYSTAL RIVER,FL,Recommendation,56.00,613,1,0
100249,TAMPA GENERAL HOSPITAL CRYSTAL RIVER,FL,Overall Rating,54.00,613,1,0
100249,TAMPA GENERAL HOSPITAL CRYSTAL RIVER,FL,Medicine Communication,54.00,1839,3,0
10063F,TAMPA VA MEDICAL CENTER,FL,Discharge Information,88.67,1389,3,0
10063F,TAMPA VA MEDICAL CENTER,FL,Nurse Communication,81.00,1852,4,0
10063F,TAMPA VA MEDICAL CENTER,FL,Doctor Communication,81.25,1852,4,0
10063F,TAMPA VA MEDICAL CENTER,FL,Recommendation,78.00,463,1,0
10063F,TAMPA VA MEDICAL CENTER,FL,Overall Rating,78.00,463,1,0
10063F,TAMPA VA MEDICAL CENTER,FL,Medicine Communication,65.33,1389,3,0
100350,UCF LAKE NONA HOSPITAL,FL,Discharge Information,82.33,1341,3,0
100350,UCF LAKE NONA HOSPITAL,FL,Nurse Communication,78.75,1788,4,0
100350,UCF LAKE NONA HOSPITAL,FL,Doctor Communication,76.75,1788,4,0
100350,UCF LAKE NONA HOSPITAL,FL,Recommendation,76.00,447,1,0
100350,UCF LAKE NONA HOSPITAL,FL,Overall Rating,74.00,447,1,0
100350,UCF LAKE NONA HOSPITAL,FL,Medicine Communication,59.67,1341,3,0
100084,UF HEALTH LEESBURG HOSPITAL,FL,Discharge Information,87.33,8466,3,0
100084,UF HEALTH LEESBURG HOSPITAL,FL,Nurse Communication,78.75,11288,4,0
100084,UF HEALTH LEESBURG HOSPITAL,FL,Doctor Communication,68.25,11288,4,0
100084,UF HEALTH LEESBURG HOSPITAL,FL,Recommendation,67.00,2822,1,0
100084,UF HEALTH LEESBURG HOSPITAL,FL,Overall Rating,68.00,2822,1,0
100084,UF HEALTH LEESBURG HOSPITAL,FL,Medicine Communication,62.00,8466,3,0
100113,UF HEALTH SHANDS HOSPITAL,FL,Discharge Information,88.00,8793,3,0
100113,UF HEALTH SHANDS HOSPITAL,FL,Nurse Communication,76.75,11724,4,0
100113,UF HEALTH SHANDS HOSPITAL,FL,Doctor Communication,76.75,11724,4,0
100113,UF HEALTH SHANDS HOSPITAL,FL,Recommendation,78.00,2931,1,0
100113,UF HEALTH SHANDS HOSPITAL,FL,Overall Rating,75.00,2931,1,0
100113,UF HEALTH SHANDS HOSPITAL,FL,Medicine Communication,59.67,8793,3,0
100224,UNIVERSITY HOSPITAL AND MEDICAL CENTER,FL,Discharge Information,72.00,2022,3,0
100224,UNIVERSITY HOSPITAL AND MEDICAL CENTER,FL,Nurse Communication,69.00,2696,4,0
100224,UNIVERSITY HOSPITAL AND MEDICAL CENTER,FL,Doctor Communication,67.25,2696,4,0
100224,UNIVERSITY HOSPITAL AND MEDICAL CENTER,FL,Recommendation,56.00,674,1,0
100224,UNIVERSITY HOSPITAL AND MEDICAL CENTER,FL,Overall Rating,55.00,674,1,0
100224,UNIVERSITY HOSPITAL AND MEDICAL CENTER,FL,Medicine Communication,51.33,2022,3,0
10057F,VA NORTH FLORIDA/SOUTH GEORGIA HEALTHCARE SYSTEM - GAINESVILLE,FL,Discharge Information,85.67,1404,3,0
10057F,VA NORTH FLORIDA/SOUTH GEORGIA HEALTHCARE SYSTEM - GAINESVILLE,FL,Nurse Communication,81.50,1872,4,0
10057F,VA NORTH FLORIDA/SOUTH GEORGIA HEALTHCARE SYSTEM - GAINESVILLE,FL,Doctor Communication,81.50,1872,4,0
10057F,VA NORTH FLORIDA/SOUTH GEORGIA HEALTHCARE SYSTEM - GAINESVILLE,FL,Recommendation,78.00,468,1,0
10057F,VA NORTH FLORIDA/SOUTH GEORGIA HEALTHCARE SYSTEM - GAINESVILLE,FL,Overall Rating,75.00,468,1,0
10057F,VA NORTH FLORIDA/SOUTH GEORGIA HEALTHCARE SYSTEM - GAINESVILLE,FL,Medicine Communication,65.67,1404,3,0
10015F,VA NORTH FLORIDA/SOUTH GEORGIA HEALTHCARE SYSTEM - LAKE CITY,FL,Discharge Information,,0,0,3
10015F,VA NORTH FLORIDA/SOUTH GEORGIA HEALTHCARE SYSTEM - LAKE CITY,FL,Nurse Communication,,0,0,4
10015F,VA NORTH FLORIDA/SOUTH GEORGIA HEALTHCARE SYSTEM - LAKE CITY,FL,Doctor Communication,,0,0,4
10015F,VA NORTH FLORIDA/SOUTH GEORGIA HEALTHCARE SYSTEM - LAKE CITY,FL,Recommendation,,0,0,1
10015F,VA NORTH FLORIDA/SOUTH GEORGIA HEALTHCARE SYSTEM - LAKE CITY,FL,Overall Rating,,0,0,1
10015F,VA NORTH FLORIDA/SOUTH GEORGIA HEALTHCARE SYSTEM - LAKE CITY,FL,Medicine Communication,,0,0,3
100315,VIERA HOSPITAL,FL,Discharge Information,85.00,1416,3,0
100315,VIERA HOSPITAL,FL,Nurse Communication,77.75,1888,4,0
100315,VIERA HOSPITAL,FL,Doctor Communication,75.25,1888,4,0
100315,VIERA HOSPITAL,FL,Recommendation,74.00,472,1,0
100315,VIERA HOSPITAL,FL,Overall Rating,72.00,472,1,0
100315,VIERA HOSPITAL,FL,Medicine Communication,60.00,1416,3,0
100290,"VILLAGES REGIONAL HOSPITAL, THE",FL,Discharge Information,88.00,10335,3,0
100290,"VILLAGES REGIONAL HOSPITAL, THE",FL,Nurse Communication,78.00,13780,4,0
100290,"VILLAGES REGIONAL HOSPITAL, THE",FL,Doctor Communication,67.75,13780,4,0
100290,"VILLAGES REGIONAL HOSPITAL, THE",FL,Recommendation,64.00,3445,1,0
100290,"VILLAGES REGIONAL HOSPITAL, THE",FL,Overall Rating,66.00,3445,1,0
100290,"VILLAGES REGIONAL HOSPITAL, THE",FL,Medicine Communication,59.67,10335,3,0
10065F,W PALM BEACH VA MEDICAL CENTER,FL,Discharge Information,86.33,1497,3,0
10065F,W PALM BEACH VA MEDICAL CENTER,FL,Nurse Communication,76.25,1996,4,0
10065F,W PALM BEACH VA MEDICAL CENTER,FL,Doctor Communication,80.25,1996,4,0
10065F,W PALM BEACH VA MEDICAL CENTER,FL,Recommendation,75.00,499,1,0
10065F,W PALM BEACH VA MEDICAL CENTER,FL,Overall Rating,75.00,499,1,0
10065F,W PALM BEACH VA MEDICAL CENTER,FL,Medicine Communication,62.33,1497,3,0
100275,WELLINGTON REGIONAL MEDICAL CENTER,FL,Discharge Information,78.00,1923,3,0
100275,WELLINGTON REGIONAL MEDICAL CENTER,FL,Nurse Communication,67.50,2564,4,0
100275,WELLINGTON REGIONAL MEDICAL CENTER,FL,Doctor Communication,67.75,2564,4,0
100275,WELLINGTON REGIONAL MEDICAL CENTER,FL,Recommendation,57.00,641,1,0
100275,WELLINGTON REGIONAL MEDICAL CENTER,FL,Overall Rating,59.00,641,1,0
100275,WELLINGTON REGIONAL MEDICAL CENTER,FL,Medicine Communication,49.67,1923,3,0
100268,WEST BOCA MEDICAL CENTER,FL,Discharge Information,72.00,1938,3,0
100268,WEST BOCA MEDICAL CENTER,FL,Nurse Communication,64.25,2584,4,0
100268,WEST BOCA MEDICAL CENTER,FL,Doctor Communication,63.75,2584,4,0
100268,WEST BOCA MEDICAL CENTER,FL,Recommendation,52.00,646,1,0
100268,WEST BOCA MEDICAL CENTER,FL,Overall Rating,51.00,646,1,0
100268,WEST BOCA MEDICAL CENTER,FL,Medicine Communication,48.00,1938,3,0
100314,WEST KENDALL BAPTIST HOSPITAL,FL,Discharge Information,83.00,2139,3,0
100314,WEST KENDALL BAPTIST HOSPITAL,FL,Nurse Communication,77.25,2852,4,0
100314,WEST KENDALL BAPTIST HOSPITAL,FL,Doctor Communication,77.25,2852,4,0
100314,WEST KENDALL BAPTIST HOSPITAL,FL,Recommendation,75.00,713,1,0
100314,WEST KENDALL BAPTIST HOSPITAL,FL,Overall Rating,72.00,713,1,0
100314,WEST KENDALL BAPTIST HOSPITAL,FL,Medicine Communication,59.33,2139,3,0
100228,WESTSIDE REGIONAL MEDICAL CENTER,FL,Discharge Information,75.67,1821,3,0
100228,WESTSIDE REGIONAL MEDICAL CENTER,FL,Nurse Communication,70.50,2428,4,0
100228,WESTSIDE REGIONAL MEDICAL CENTER,FL,Doctor Communication,71.50,2428,4,0
100228,WESTSIDE REGIONAL MEDICAL CENTER,FL,Recommendation,64.00,607,1,0
100228,WESTSIDE REGIONAL MEDICAL CENTER,FL,Overall Rating,64.00,607,1,0
100228,WESTSIDE REGIONAL MEDICAL CENTER,FL,Medicine Communication,50.67,1821,3,0
100052,WINTER HAVEN HOSPITAL,FL,Discharge Information,85.33,6789,3,0
100052,WINTER HAVEN HOSPITAL,FL,Nurse Communication,76.75,9052,4,0
100052,WINTER HAVEN HOSPITAL,FL,Doctor Communication,72.50,9052,4,0
100052,WINTER HAVEN HOSPITAL,FL,Recommendation,65.00,2263,1,0
100052,WINTER HAVEN HOSPITAL,FL,Overall Rating,66.00,2263,1,0
100052,WINTER HAVEN HOSPITAL,FL,Medicine Communication,60.67,6789,3,0
